SampleID,TimePoint,Type,PlantID,WeightGrams,SampleNotes,Water,WaterLabeled,Inoculation,InoculationLabeled,Replicate,PlantNotes,SampleType,Sample_or_Control,is.neg,SpeciesRichness
KSTRAW0815,T1,Root,R01I01W01,0.2675,,1,W1,1,I1,1,,post_inoc_post_stress,True Sample,FALSE,41655
KSTRAW0816,T1,Root,R02I01W01,0.188,,1,W1,1,I1,2,,post_inoc_post_stress,True Sample,FALSE,5790
KSTRAW0817,T1,Root,R03I01W01,0.2581,,1,W1,1,I1,3,P11,post_inoc_post_stress,True Sample,FALSE,4193
KSTRAW0818,T1,Root,R04I01W01,0.067,,1,W1,1,I1,4,,post_inoc_post_stress,True Sample,FALSE,6874
KSTRAW0819,T1,Root,R05I01W01,0.1729,,1,W1,1,I1,5,,post_inoc_post_stress,True Sample,FALSE,9630
KSTRAW0820,T1,Root,R06I01W01,0.1321,,1,W1,1,I1,6,,post_inoc_post_stress,True Sample,FALSE,6594
KSTRAW0821,T1,Root,R07I01W01,0.0334,,1,W1,1,I1,7,,post_inoc_post_stress,True Sample,FALSE,13474
KSTRAW0822,T1,Root,R08I01W01,0.1349,,1,W1,1,I1,8,,post_inoc_post_stress,True Sample,FALSE,19329
KSTRAW0823,T1,Root,R09I01W01,0.1169,,1,W1,1,I1,9,,post_inoc_post_stress,True Sample,FALSE,1351
KSTRAW0824,T1,Root,R10I01W01,0.0696,,1,W1,1,I1,10,,post_inoc_post_stress,True Sample,FALSE,2897
KSTRAW0825,T1,Root,R11I01W01,0.1303,,1,W1,1,I1,11,,post_inoc_post_stress,True Sample,FALSE,1893
KSTRAW0826,T1,Root,R12I01W01,0.1895,,1,W1,1,I1,12,,post_inoc_post_stress,True Sample,FALSE,3267
KSTRAW0827,T1,Root,R13I01W01,0.2464,,1,W1,1,I1,13,P19,post_inoc_post_stress,True Sample,FALSE,1611
KSTRAW0828,T1,Root,R14I01W01,0.2234,,1,W1,1,I1,14,,post_inoc_post_stress,True Sample,FALSE,1618
KSTRAW0829,T1,Root,R01I02W01,0.0677,,1,W1,2,I2,1,,post_inoc_post_stress,True Sample,FALSE,1139
KSTRAW0830,T1,Root,R02I02W01,0.255,,1,W1,2,I2,2,,post_inoc_post_stress,True Sample,FALSE,4291
KSTRAW0831,T1,Root,R03I02W01,0.1171,,1,W1,2,I2,3,,post_inoc_post_stress,True Sample,FALSE,6324
KSTRAW0832,T1,Root,R04I02W01,0.1804,,1,W1,2,I2,4,,post_inoc_post_stress,True Sample,FALSE,12577
KSTRAW0833,T1,Shoot,R01I02W01,0.02123,,1,W1,2,I2,1,,post_inoc_post_stress,True Sample,FALSE,10394
KSTRAW0834,T1,Root,R05I02W01,0.0617,,1,W1,2,I2,5,,post_inoc_post_stress,True Sample,FALSE,1398
KSTRAW0835,T1,Shoot,R05I02W01,0.01988,,1,W1,2,I2,5,,post_inoc_post_stress,True Sample,FALSE,8088
KSTRAW0836,T1,Root,R06I02W01,0.2493,,1,W1,2,I2,6,,post_inoc_post_stress,True Sample,FALSE,3600
KSTRAW0837,T1,Shoot,R06I02W01,0.04132,,1,W1,2,I2,6,,post_inoc_post_stress,True Sample,FALSE,22839
KSTRAW0838,T1,Root,R07I02W01,0.0884,,1,W1,2,I2,7,,post_inoc_post_stress,True Sample,FALSE,10254
KSTRAW0839,T1,Shoot,R07I02W01,0.04715,,1,W1,2,I2,7,,post_inoc_post_stress,True Sample,FALSE,11557
KSTRAW0840,T1,Root,R08I02W01,0.1509,,1,W1,2,I2,8,,post_inoc_post_stress,True Sample,FALSE,7793
KSTRAW0841,T1,Shoot,R08I02W01,0.07335,,1,W1,2,I2,8,,post_inoc_post_stress,True Sample,FALSE,11448
KSTRAW0842,T1,Root,R09I02W01,0.2546,,1,W1,2,I2,9,P25,post_inoc_post_stress,True Sample,FALSE,18643
KSTRAW0843,T1,Root,R01I03W01,0.0511,,1,W1,3,I3,1,,post_inoc_post_stress,True Sample,FALSE,10768
KSTRAW0844,T1,Root,R02I03W01,0.1038,,1,W1,3,I3,2,,post_inoc_post_stress,True Sample,FALSE,11888
KSTRAW0845,T1,Root,R03I03W01,0.2043,,1,W1,3,I3,3,,post_inoc_post_stress,True Sample,FALSE,12501
KSTRAW0846,T1,Root,R04I03W01,0.2621,"4 was duplicated, either rep 5 or 7",1,W1,3,I3,4,,post_inoc_post_stress,True Sample,FALSE,6608
KSTRAW0847,T1,Root,R05I03W01,0.0304,labeled as number 4,1,W1,3,I3,5,P10,post_inoc_post_stress,True Sample,FALSE,3832
KSTRAW0848,T1,Root,R06I03W01,0.2032,,1,W1,3,I3,6,P16,post_inoc_post_stress,True Sample,FALSE,7
KSTRAW0850,T1,Root,R08I03W01,0.2615,,1,W1,3,I3,8,,post_inoc_post_stress,True Sample,FALSE,19275
KSTRAW0851,T1,Root,R09I03W01,0.5181,,1,W1,3,I3,9,P23,post_inoc_post_stress,True Sample,FALSE,12367
KSTRAW0852,T1,Root,R10I03W01,0.1227,,1,W1,3,I3,10,,post_inoc_post_stress,True Sample,FALSE,10734
KSTRAW0853,T1,Root,R11I03W01,0.0301,no sample saved,1,W1,3,I3,11,,post_inoc_post_stress,True Sample,FALSE,10173
KSTRAW0854,T1,Root,R12I03W01,0.0959,,1,W1,3,I3,12,,post_inoc_post_stress,True Sample,FALSE,556
KSTRAW0855,T1,Root,R13I03W01,0.3581,,1,W1,3,I3,13,P22,post_inoc_post_stress,True Sample,FALSE,30847
KSTRAW0856,T1,Root,R14I03W01,0.1528,,1,W1,3,I3,14,,post_inoc_post_stress,True Sample,FALSE,14298
KSTRAW0859,T1,Root,R03I04W01,0.1443,,1,W1,4,I4,3,P12,post_inoc_post_stress,True Sample,FALSE,591
KSTRAW0860,T1,Root,R04I04W01,0.1201,,1,W1,4,I4,4,,post_inoc_post_stress,True Sample,FALSE,12307
KSTRAW0861,T1,Root,R05I04W01,0.1131,,1,W1,4,I4,5,,post_inoc_post_stress,True Sample,FALSE,1247
KSTRAW0862,T1,Root,R06I04W01,0.0451,,1,W1,4,I4,6,,post_inoc_post_stress,True Sample,FALSE,604
KSTRAW0863,T1,Root,R07I04W01,0.1961,,1,W1,4,I4,7,P15,post_inoc_post_stress,True Sample,FALSE,25276
KSTRAW0864,T1,Root,R08I04W01,0.1217,,1,W1,4,I4,8,,post_inoc_post_stress,True Sample,FALSE,7512
KSTRAW0865,T1,Root,R09I04W01,0.2347,,1,W1,4,I4,9,,post_inoc_post_stress,True Sample,FALSE,6719
KSTRAW0866,T1,Root,R10I04W01,0.0445,,1,W1,4,I4,10,,post_inoc_post_stress,True Sample,FALSE,13764
KSTRAW0867,T1,Root,R11I04W01,0.0811,,1,W1,4,I4,11,,post_inoc_post_stress,True Sample,FALSE,773
KSTRAW0868,T1,Root,R12I04W01,0.0785,,1,W1,4,I4,12,,post_inoc_post_stress,True Sample,FALSE,10198
KSTRAW0869,T1,Root,R13I04W01,0.3013,,1,W1,4,I4,13,,post_inoc_post_stress,True Sample,FALSE,12887
KSTRAW0870,T1,Root,R14I04W01,0.2076,,1,W1,4,I4,14,P27,post_inoc_post_stress,True Sample,FALSE,4042
KSTRAW0871,T1,Root,R01I05W01,0.2357,,1,W1,5,I5,1,P14,post_inoc_post_stress,True Sample,FALSE,565
KSTRAW0872,T1,Root,R02I05W01,0.08541,,1,W1,5,I5,2,,post_inoc_post_stress,True Sample,FALSE,6337
KSTRAW0873,T1,Root,R03I05W01,0.0288,,1,W1,5,I5,3,,post_inoc_post_stress,True Sample,FALSE,883
KSTRAW0874,T1,Root,R04I05W01,0.0469,,1,W1,5,I5,4,,post_inoc_post_stress,True Sample,FALSE,626
KSTRAW0875,T1,Root,R05I05W01,0.1002,,1,W1,5,I5,5,,post_inoc_post_stress,True Sample,FALSE,3644
KSTRAW0876,T1,Root,R06I05W01,0.2749,,1,W1,5,I5,6,P17,post_inoc_post_stress,True Sample,FALSE,4162
KSTRAW0877,T1,Root,R07I05W01,0.3748,,1,W1,5,I5,7,P13,post_inoc_post_stress,True Sample,FALSE,17794
KSTRAW0878,T1,Root,R08I05W01,0.2768,,1,W1,5,I5,8,P26,post_inoc_post_stress,True Sample,FALSE,621
KSTRAW0879,T1,Root,R09I05W01,0.17031,,1,W1,5,I5,9,,post_inoc_post_stress,True Sample,FALSE,7017
KSTRAW0880,T1,Root,R10I05W01,0.3801,,1,W1,5,I5,10,P21,post_inoc_post_stress,True Sample,FALSE,7174
KSTRAW0881,T1,Root,R11I05W01,0.41185,,1,W1,5,I5,11,P20,post_inoc_post_stress,True Sample,FALSE,6218
KSTRAW0883,T1,Root,R13I05W01,0.05383,,1,W1,5,I5,13,,post_inoc_post_stress,True Sample,FALSE,575
KSTRAW0884,T1,Root,R14I05W01,0.14917,,1,W1,5,I5,14,,post_inoc_post_stress,True Sample,FALSE,388
KSTRAW0885,T1,Root,R01I06W01,0.1071,,1,W1,6,I6,1,,post_inoc_post_stress,Control,TRUE,1908
KSTRAW0888,T1,Root,R04I06W01,0.1043,,1,W1,6,I6,4,,post_inoc_post_stress,Control,TRUE,4483
KSTRAW0890,T1,Root,R06I06W01,0.1317,,1,W1,6,I6,6,,post_inoc_post_stress,Control,TRUE,4962
KSTRAW0891,T1,Root,R07I06W01,0.1251,,1,W1,6,I6,7,,post_inoc_post_stress,Control,TRUE,5534
KSTRAW0892,T1,Root,R08I06W01,0.1508,,1,W1,6,I6,8,,post_inoc_post_stress,Control,TRUE,1190
KSTRAW0893,T1,Root,R09I06W01,0.3535,,1,W1,6,I6,9,P28,post_inoc_post_stress,Control,TRUE,385
KSTRAW0894,T1,Root,R10I06W01,0.1285,,1,W1,6,I6,10,,post_inoc_post_stress,Control,TRUE,438
KSTRAW0896,T1,Root,R12I06W01,0.0301,,1,W1,6,I6,12,,post_inoc_post_stress,Control,TRUE,596
KSTRAW0897,T1,Root,R13I06W01,0.1912,,1,W1,6,I6,13,,post_inoc_post_stress,Control,TRUE,1179
KSTRAW0898,T1,Root,R14I06W01,0.1261,,1,W1,6,I6,14,,post_inoc_post_stress,Control,TRUE,784
KSTRAW0899,T1,Root,R01I01W02,0.1108,,2,W2,1,I1,1,,post_inoc_post_stress,True Sample,FALSE,10489
KSTRAW0900,T1,Root,R02I01W02,0.1343,,2,W2,1,I1,2,,post_inoc_post_stress,True Sample,FALSE,8425
KSTRAW0901,T1,Root,R03I01W02,0.1755,,2,W2,1,I1,3,,post_inoc_post_stress,True Sample,FALSE,4445
KSTRAW0902,T1,Root,R04I01W02,0.1444,,2,W2,1,I1,4,,post_inoc_post_stress,True Sample,FALSE,28905
KSTRAW0903,T1,Root,R05I01W02,0.2316,,2,W2,1,I1,5,,post_inoc_post_stress,True Sample,FALSE,19868
KSTRAW0904,T1,Root,R06I01W02,0.0768,,2,W2,1,I1,6,,post_inoc_post_stress,True Sample,FALSE,12959
KSTRAW0905,T1,Root,R07I01W02,0.2833,,2,W2,1,I1,7,,post_inoc_post_stress,True Sample,FALSE,13107
KSTRAW0906,T1,Root,R08I01W02,0.0777,,2,W2,1,I1,8,,post_inoc_post_stress,True Sample,FALSE,2842
KSTRAW0907,T1,Root,R09I01W02,0.0602,,2,W2,1,I1,9,,post_inoc_post_stress,True Sample,FALSE,19286
KSTRAW0908,T1,Root,R10I01W02,0.0646,,2,W2,1,I1,10,,post_inoc_post_stress,True Sample,FALSE,12067
KSTRAW0909,T1,Root,R11I01W02,0.2615,,2,W2,1,I1,11,,post_inoc_post_stress,True Sample,FALSE,24547
KSTRAW0910,T1,Root,R12I01W02,0.0634,,2,W2,1,I1,12,,post_inoc_post_stress,True Sample,FALSE,16
KSTRAW0911,T1,Root,R13I01W02,0.0156,no sample saved,2,W2,1,I1,13,,post_inoc_post_stress,True Sample,FALSE,9648
KSTRAW0912,T1,Root,R14I01W02,0.1932,,2,W2,1,I1,14,,post_inoc_post_stress,True Sample,FALSE,15262
KSTRAW0913,T1,Root,R01I02W02,0.1993,,2,W2,2,I2,1,,post_inoc_post_stress,True Sample,FALSE,5
KSTRAW0914,T1,Root,R02I02W02,0.2001,,2,W2,2,I2,2,,post_inoc_post_stress,True Sample,FALSE,1838
KSTRAW0915,T1,Root,R03I02W02,0.1292,,2,W2,2,I2,3,,post_inoc_post_stress,True Sample,FALSE,6859
KSTRAW0916,T1,Root,R04I02W02,0.2845,,2,W2,2,I2,4,,post_inoc_post_stress,True Sample,FALSE,8232
KSTRAW0917,T1,Root,R05I02W02,0.1714,,2,W2,2,I2,5,,post_inoc_post_stress,True Sample,FALSE,10704
KSTRAW0918,T1,Root,R06I02W02,0.1001,,2,W2,2,I2,6,,post_inoc_post_stress,True Sample,FALSE,23466
KSTRAW0919,T1,Root,R07I02W02,0.2215,,2,W2,2,I2,7,,post_inoc_post_stress,True Sample,FALSE,15338
KSTRAW0920,T1,Root,R08I02W02,0.19,,2,W2,2,I2,8,,post_inoc_post_stress,True Sample,FALSE,3733
KSTRAW0921,T1,Root,R09I02W02,0.1606,,2,W2,2,I2,9,P34,post_inoc_post_stress,True Sample,FALSE,3787
KSTRAW0922,T1,Root,R10I02W02,0.1743,,2,W2,2,I2,10,,post_inoc_post_stress,True Sample,FALSE,4373
KSTRAW0923,T1,Root,R11I02W02,0.1387,,2,W2,2,I2,11,,post_inoc_post_stress,True Sample,FALSE,2427
KSTRAW0924,T1,Root,R12I02W02,0.2492,,2,W2,2,I2,12,,post_inoc_post_stress,True Sample,FALSE,151
KSTRAW0925,T1,Root,R13I02W02,0.1971,,2,W2,2,I2,13,P32,post_inoc_post_stress,True Sample,FALSE,7630
KSTRAW0926,T1,Root,R14I02W02,0.1898,,2,W2,2,I2,14,,post_inoc_post_stress,True Sample,FALSE,24565
KSTRAW0927,T1,Root,R01I03W02,0.2252,,2,W2,3,I3,1,,post_inoc_post_stress,True Sample,FALSE,7334
KSTRAW0928,T1,Root,R02I03W02,0.1269,,2,W2,3,I3,2,,post_inoc_post_stress,True Sample,FALSE,25417
KSTRAW0929,T1,Root,R03I03W02,0.3107,,2,W2,3,I3,3,,post_inoc_post_stress,True Sample,FALSE,22201
KSTRAW0930,T1,Root,R04I03W02,0.1819,,2,W2,3,I3,4,,post_inoc_post_stress,True Sample,FALSE,29914
KSTRAW0931,T1,Root,R05I03W02,0.1155,,2,W2,3,I3,5,,post_inoc_post_stress,True Sample,FALSE,1693
KSTRAW0932,T1,Root,R06I03W02,0.1768,,2,W2,3,I3,6,,post_inoc_post_stress,True Sample,FALSE,8636
KSTRAW0933,T1,Root,R07I03W02,0.1453,,2,W2,3,I3,7,,post_inoc_post_stress,True Sample,FALSE,19656
KSTRAW0934,T1,Root,R08I03W02,0.0351,,2,W2,3,I3,8,,post_inoc_post_stress,True Sample,FALSE,19009
KSTRAW0935,T1,Root,R09I03W02,0.2007,,2,W2,3,I3,9,,post_inoc_post_stress,True Sample,FALSE,3924
KSTRAW0936,T1,Root,R10I03W02,0.1985,,2,W2,3,I3,10,P35,post_inoc_post_stress,True Sample,FALSE,2260
KSTRAW0937,T1,Root,R11I03W02,0.0244,,2,W2,3,I3,11,,post_inoc_post_stress,True Sample,FALSE,9768
KSTRAW0938,T1,Root,R12I03W02,0.187,,2,W2,3,I3,12,,post_inoc_post_stress,True Sample,FALSE,36295
KSTRAW0939,T1,Root,R13I03W02,0.1067,,2,W2,3,I3,13,,post_inoc_post_stress,True Sample,FALSE,18570
KSTRAW0940,T1,Root,R14I03W02,0.1002,,2,W2,3,I3,14,,post_inoc_post_stress,True Sample,FALSE,9109
KSTRAW0941,T1,Root,R01I04W02,0.1938,,2,W2,4,I4,1,,post_inoc_post_stress,True Sample,FALSE,5471
KSTRAW0942,T1,Root,R02I04W02,0.3252,,2,W2,4,I4,2,,post_inoc_post_stress,True Sample,FALSE,5687
KSTRAW0943,T1,Root,R03I04W02,0.0793,,2,W2,4,I4,3,,post_inoc_post_stress,True Sample,FALSE,4357
KSTRAW0944,T1,Root,R04I04W02,0.1987,,2,W2,4,I4,4,,post_inoc_post_stress,True Sample,FALSE,10532
KSTRAW0945,T1,Root,R05I04W02,0.3142,,2,W2,4,I4,5,,post_inoc_post_stress,True Sample,FALSE,9054
KSTRAW0946,T1,Root,R06I04W02,0.19,,2,W2,4,I4,6,,post_inoc_post_stress,True Sample,FALSE,4796
KSTRAW0947,T1,Root,R07I04W02,0.2678,,2,W2,4,I4,7,,post_inoc_post_stress,True Sample,FALSE,10701
KSTRAW0948,T1,Root,R08I04W02,0.1766,,2,W2,4,I4,8,,post_inoc_post_stress,True Sample,FALSE,633
KSTRAW0949,T1,Root,R09I04W02,0.0708,,2,W2,4,I4,9,,post_inoc_post_stress,True Sample,FALSE,17544
KSTRAW0950,T1,Root,R10I04W02,0.2957,,2,W2,4,I4,10,,post_inoc_post_stress,True Sample,FALSE,10608
KSTRAW0951,T1,Root,R11I04W02,0.1599,,2,W2,4,I4,11,,post_inoc_post_stress,True Sample,FALSE,364
KSTRAW0952,T1,Root,R12I04W02,0.2795,,2,W2,4,I4,12,,post_inoc_post_stress,True Sample,FALSE,10124
KSTRAW0953,T1,Root,R13I04W02,0.0655,,2,W2,4,I4,13,,post_inoc_post_stress,True Sample,FALSE,6289
KSTRAW0954,T1,Root,R14I04W02,0.2658,,2,W2,4,I4,14,,post_inoc_post_stress,True Sample,FALSE,4207
KSTRAW0955,T1,Root,R01I05W02,0.3117,,2,W2,5,I5,1,,post_inoc_post_stress,True Sample,FALSE,1
KSTRAW0956,T1,Root,R02I05W02,0.2302,,2,W2,5,I5,2,,post_inoc_post_stress,True Sample,FALSE,12317
KSTRAW0957,T1,Root,R03I05W02,0.1621,,2,W2,5,I5,3,,post_inoc_post_stress,True Sample,FALSE,17863
KSTRAW0958,T1,Root,R04I05W02,0.3142,,2,W2,5,I5,4,,post_inoc_post_stress,True Sample,FALSE,20828
KSTRAW0959,T1,Root,R05I05W02,0.3329,,2,W2,5,I5,5,,post_inoc_post_stress,True Sample,FALSE,569
KSTRAW0960,T1,Root,R06I05W02,0.2922,,2,W2,5,I5,6,,post_inoc_post_stress,True Sample,FALSE,2120
KSTRAW0961,T1,Root,R07I05W02,0.3449,,2,W2,5,I5,7,,post_inoc_post_stress,True Sample,FALSE,3399
KSTRAW0962,T1,Root,R08I05W02,0.0496,,2,W2,5,I5,8,,post_inoc_post_stress,True Sample,FALSE,6111
KSTRAW0963,T1,Root,R09I05W02,0.2731,,2,W2,5,I5,9,P31,post_inoc_post_stress,True Sample,FALSE,26311
KSTRAW0964,T1,Root,R10I05W02,0.4397,,2,W2,5,I5,10,P33,post_inoc_post_stress,True Sample,FALSE,4132
KSTRAW0965,T1,Root,R11I05W02,0.2446,,2,W2,5,I5,11,P30,post_inoc_post_stress,True Sample,FALSE,15728
KSTRAW0966,T1,Root,R12I05W02,0.2699,,2,W2,5,I5,12,,post_inoc_post_stress,True Sample,FALSE,12149
KSTRAW0967,T1,Root,R13I05W02,0.2141,,2,W2,5,I5,13,,post_inoc_post_stress,True Sample,FALSE,6409
KSTRAW0968,T1,Root,R14I05W02,0.1139,,2,W2,5,I5,14,,post_inoc_post_stress,True Sample,FALSE,12589
KSTRAW0969,T1,Root,R01I06W02,0.0484,,2,W2,6,I6,1,,post_inoc_post_stress,Control,TRUE,1014
KSTRAW0972,T1,Root,R04I06W02,0.3016,,2,W2,6,I6,4,,post_inoc_post_stress,Control,TRUE,1378
KSTRAW0973,T1,Root,R05I06W02,0.2773,,2,W2,6,I6,5,,post_inoc_post_stress,Control,TRUE,2142
KSTRAW0974,T1,Root,R06I06W02,0.0774,,2,W2,6,I6,6,,post_inoc_post_stress,Control,TRUE,696
KSTRAW0975,T1,Root,R07I06W02,0.1993,,2,W2,6,I6,7,,post_inoc_post_stress,Control,TRUE,508
KSTRAW0976,T1,Root,R08I06W02,0.0892,,2,W2,6,I6,8,,post_inoc_post_stress,Control,TRUE,6750
KSTRAW0977,T1,Root,R09I06W02,0.0683,,2,W2,6,I6,9,,post_inoc_post_stress,Control,TRUE,30
KSTRAW0978,T1,Root,R10I06W02,0.0621,,2,W2,6,I6,10,,post_inoc_post_stress,Control,TRUE,1945
KSTRAW0979,T1,Root,R11I06W02,0.0935,,2,W2,6,I6,11,,post_inoc_post_stress,Control,TRUE,1940
KSTRAW0980,T1,Root,R12I06W02,0.2348,,2,W2,6,I6,12,,post_inoc_post_stress,Control,TRUE,1128
KSTRAW0982,T1,Root,R14I06W02,0.0616,,2,W2,6,I6,14,,post_inoc_post_stress,Control,TRUE,808
KSTRAW0983,T1,Root,R01I01W03,0.0545,,3,W3,1,I1,1,,post_inoc_post_stress,True Sample,FALSE,8940
KSTRAW0984,T1,Root,R02I01W03,0.1075,,3,W3,1,I1,2,,post_inoc_post_stress,True Sample,FALSE,13002
KSTRAW0985,T1,Root,R03I01W03,0.1818,,3,W3,1,I1,3,,post_inoc_post_stress,True Sample,FALSE,7895
KSTRAW0986,T1,Root,R04I01W03,0.1253,,3,W3,1,I1,4,,post_inoc_post_stress,True Sample,FALSE,3340
KSTRAW0987,T1,Root,R05I01W03,0.1012,,3,W3,1,I1,5,,post_inoc_post_stress,True Sample,FALSE,2157
KSTRAW0988,T1,Root,R06I01W03,0.1189,,3,W3,1,I1,6,,post_inoc_post_stress,True Sample,FALSE,12336
KSTRAW0989,T1,Root,R07I01W03,0.0709,,3,W3,1,I1,7,,post_inoc_post_stress,True Sample,FALSE,11053
KSTRAW0990,T1,Root,R08I01W03,0.2332,,3,W3,1,I1,8,P8,post_inoc_post_stress,True Sample,FALSE,16212
KSTRAW0992,T1,Root,R10I01W03,0.1621,,3,W3,1,I1,10,,post_inoc_post_stress,True Sample,FALSE,1262
KSTRAW0993,T1,Root,R11I01W03,0.0684,,3,W3,1,I1,11,,post_inoc_post_stress,True Sample,FALSE,8761
KSTRAW0994,T1,Root,R12I01W03,0.0812,,3,W3,1,I1,12,,post_inoc_post_stress,True Sample,FALSE,2112
KSTRAW0995,T1,Root,R13I01W03,0.1368,,3,W3,1,I1,13,,post_inoc_post_stress,True Sample,FALSE,22025
KSTRAW0996,T1,Root,R14I01W03,0.1111,,3,W3,1,I1,14,,post_inoc_post_stress,True Sample,FALSE,2489
KSTRAW0997,T1,Root,R01I02W03,0.0263,no extra sample to put in envelope,3,W3,2,I2,1,,post_inoc_post_stress,True Sample,FALSE,22570
KSTRAW0998,T1,Root,R02I02W03,0.0948,,3,W3,2,I2,2,,post_inoc_post_stress,True Sample,FALSE,3033
KSTRAW0999,T1,Root,R03I02W03,0.1772,,3,W3,2,I2,3,,post_inoc_post_stress,True Sample,FALSE,7536
KSTRAW1000,T1,Root,R04I02W03,0.3069,,3,W3,2,I2,4,P4,post_inoc_post_stress,True Sample,FALSE,9489
KSTRAW1001,T1,Root,R05I02W03,0.1825,,3,W3,2,I2,5,P5,post_inoc_post_stress,True Sample,FALSE,8329
KSTRAW1002,T1,Root,R06I02W03,0.1533,,3,W3,2,I2,6,,post_inoc_post_stress,True Sample,FALSE,10756
KSTRAW1003,T1,Root,R07I02W03,0.2617,,3,W3,2,I2,7,,post_inoc_post_stress,True Sample,FALSE,6758
KSTRAW1004,T1,Root,R08I02W03,0.1998,,3,W3,2,I2,8,,post_inoc_post_stress,True Sample,FALSE,14885
KSTRAW1005,T1,Root,R09I02W03,0.1226,,3,W3,2,I2,9,,post_inoc_post_stress,True Sample,FALSE,6586
KSTRAW1006,T1,Root,R10I02W03,0.0554,no extra sample to put in envelope,3,W3,2,I2,10,,post_inoc_post_stress,True Sample,FALSE,8140
KSTRAW1007,T1,Root,R11I02W03,0.0998,,3,W3,2,I2,11,,post_inoc_post_stress,True Sample,FALSE,17866
KSTRAW1008,T1,Root,R12I02W03,0.0634,,3,W3,2,I2,12,,post_inoc_post_stress,True Sample,FALSE,12892
KSTRAW1009,T1,Root,R13I02W03,0.1321,,3,W3,2,I2,13,,post_inoc_post_stress,True Sample,FALSE,11952
KSTRAW1010,T1,Root,R14I02W03,0.2397,,3,W3,2,I2,14,,post_inoc_post_stress,True Sample,FALSE,23325
KSTRAW1011,T1,Root,R01I03W03,0.1796,,3,W3,3,I3,1,,post_inoc_post_stress,True Sample,FALSE,34009
KSTRAW1013,T1,Root,R03I03W03,0.2631,,3,W3,3,I3,3,,post_inoc_post_stress,True Sample,FALSE,16947
KSTRAW1014,T1,Root,R04I03W03,0.0348,,3,W3,3,I3,4,,post_inoc_post_stress,True Sample,FALSE,24899
KSTRAW1015,T1,Root,R05I03W03,0.2193,,3,W3,3,I3,5,,post_inoc_post_stress,True Sample,FALSE,7635
KSTRAW1016,T1,Root,R06I03W03,0.0413,,3,W3,3,I3,6,,post_inoc_post_stress,True Sample,FALSE,89006
KSTRAW1017,T1,Root,R07I03W03,0.2275,,3,W3,3,I3,7,,post_inoc_post_stress,True Sample,FALSE,2847
KSTRAW1018,T1,Root,R08I03W03,0.1696,,3,W3,3,I3,8,,post_inoc_post_stress,True Sample,FALSE,25388
KSTRAW1019,T1,Root,R09I03W03,0.1078,,3,W3,3,I3,9,,post_inoc_post_stress,True Sample,FALSE,16146
KSTRAW1020,T1,Root,R10I03W03,0.1469,,3,W3,3,I3,10,,post_inoc_post_stress,True Sample,FALSE,14015
KSTRAW1021,T1,Root,R11I03W03,0.237,,3,W3,3,I3,11,,post_inoc_post_stress,True Sample,FALSE,18916
KSTRAW1022,T1,Root,R12I03W03,0.1977,,3,W3,3,I3,12,,post_inoc_post_stress,True Sample,FALSE,9867
KSTRAW1023,T1,Root,R13I03W03,0.1787,,3,W3,3,I3,13,,post_inoc_post_stress,True Sample,FALSE,33156
KSTRAW1024,T1,Root,R14I03W03,0.2545,,3,W3,3,I3,14,,post_inoc_post_stress,True Sample,FALSE,4518
KSTRAW1025,T1,Root,R01I04W03,0.155,,3,W3,4,I4,1,,post_inoc_post_stress,True Sample,FALSE,10204
KSTRAW1026,T1,Root,R02I04W03,0.1084,,3,W3,4,I4,2,,post_inoc_post_stress,True Sample,FALSE,10362
KSTRAW1027,T1,Root,R03I04W03,0.1528,,3,W3,4,I4,3,,post_inoc_post_stress,True Sample,FALSE,15942
KSTRAW1028,T1,Root,R04I04W03,0.0262,,3,W3,4,I4,4,,post_inoc_post_stress,True Sample,FALSE,2365
KSTRAW1029,T1,Root,R05I04W03,0.2467,,3,W3,4,I4,5,,post_inoc_post_stress,True Sample,FALSE,5385
KSTRAW1030,T1,Root,R06I04W03,0.5279,,3,W3,4,I4,6,P2,post_inoc_post_stress,True Sample,FALSE,10711
KSTRAW1031,T1,Root,R07I04W03,0.0991,,3,W3,4,I4,7,,post_inoc_post_stress,True Sample,FALSE,6509
KSTRAW1032,T1,Root,R08I04W03,0.2421,,3,W3,4,I4,8,,post_inoc_post_stress,True Sample,FALSE,18902
KSTRAW1033,T1,Root,R09I04W03,0.1558,,3,W3,4,I4,9,,post_inoc_post_stress,True Sample,FALSE,6884
KSTRAW1034,T1,Root,R10I04W03,0.1236,,3,W3,4,I4,10,,post_inoc_post_stress,True Sample,FALSE,7868
KSTRAW1035,T1,Root,R11I04W03,0.2909,,3,W3,4,I4,11,,post_inoc_post_stress,True Sample,FALSE,2366
KSTRAW1036,T1,Root,R12I04W03,0.2195,,3,W3,4,I4,12,,post_inoc_post_stress,True Sample,FALSE,9382
KSTRAW1037,T1,Root,R13I04W03,0.0901,,3,W3,4,I4,13,,post_inoc_post_stress,True Sample,FALSE,2514
KSTRAW1038,T1,Root,R14I04W03,0.2888,,3,W3,4,I4,14,P7=P6-2,post_inoc_post_stress,True Sample,FALSE,7469
KSTRAW1039,T1,Root,R01I05W03,0.3213,,3,W3,5,I5,1,P1,post_inoc_post_stress,True Sample,FALSE,4895
KSTRAW1040,T1,Root,R02I05W03,0.1152,,3,W3,5,I5,2,,post_inoc_post_stress,True Sample,FALSE,10500
KSTRAW1041,T1,Root,R03I05W03,0.1751,,3,W3,5,I5,3,,post_inoc_post_stress,True Sample,FALSE,2236
KSTRAW1042,T1,Root,R04I05W03,0.1271,,3,W3,5,I5,4,P3,post_inoc_post_stress,True Sample,FALSE,1024
KSTRAW1044,T1,Root,R06I05W03,0.2015,,3,W3,5,I5,6,,post_inoc_post_stress,True Sample,FALSE,7263
KSTRAW1046,T1,Root,R08I05W03,0.2075,,3,W3,5,I5,8,P9,post_inoc_post_stress,True Sample,FALSE,6756
KSTRAW1047,T1,Root,R09I05W03,0.1204,,3,W3,5,I5,9,,post_inoc_post_stress,True Sample,FALSE,9019
KSTRAW1048,T1,Root,R10I05W03,0.6737,,3,W3,5,I5,10,P6,post_inoc_post_stress,True Sample,FALSE,4039
KSTRAW1050,T1,Root,R12I05W03,0.2138,,3,W3,5,I5,12,,post_inoc_post_stress,True Sample,FALSE,5145
KSTRAW1051,T1,Root,R13I05W03,0.0154,,3,W3,5,I5,13,,post_inoc_post_stress,True Sample,FALSE,19795
KSTRAW1052,T1,Root,R14I05W03,0.2261,,3,W3,5,I5,14,,post_inoc_post_stress,True Sample,FALSE,14014
KSTRAW1053,T1,Root,R01I06W03,0.26917,,3,W3,6,I6,1,,post_inoc_post_stress,Control,TRUE,698
KSTRAW1054,T1,Root,R02I06W03,0.1016,,3,W3,6,I6,2,,post_inoc_post_stress,Control,TRUE,145
KSTRAW1055,T1,Root,R03I06W03,0.1135,,3,W3,6,I6,3,,post_inoc_post_stress,Control,TRUE,3268
KSTRAW1056,T1,Root,R04I06W03,0.02824,,3,W3,6,I6,4,,post_inoc_post_stress,Control,TRUE,281
KSTRAW1057,T1,Root,R05I06W03,0.10409,,3,W3,6,I6,5,,post_inoc_post_stress,Control,TRUE,109
KSTRAW1058,T1,Root,R06I06W03,0.0364,,3,W3,6,I6,6,,post_inoc_post_stress,Control,TRUE,2150
KSTRAW1059,T1,Root,R07I06W03,0.1171,,3,W3,6,I6,7,,post_inoc_post_stress,Control,TRUE,9017
KSTRAW1060,T1,Root,R08I06W03,0.17446,,3,W3,6,I6,8,,post_inoc_post_stress,Control,TRUE,176
KSTRAW1061,T1,Root,R09I06W03,0.1127,,3,W3,6,I6,9,,post_inoc_post_stress,Control,TRUE,2861
KSTRAW1062,T1,Root,R10I06W03,0.17279,,3,W3,6,I6,10,,post_inoc_post_stress,Control,TRUE,440
KSTRAW1063,T1,Root,R11I06W03,0.11838,,3,W3,6,I6,11,,post_inoc_post_stress,Control,TRUE,3648
KSTRAW1064,T1,Root,R12I06W03,0.1276,,3,W3,6,I6,12,,post_inoc_post_stress,Control,TRUE,8963
KSTRAW1065,T1,Root,R13I06W03,0.15774,,3,W3,6,I6,13,,post_inoc_post_stress,Control,TRUE,1094
KSTRAW1066,T1,Root,R14I06W03,0.2544,,3,W3,6,I6,14,,post_inoc_post_stress,Control,TRUE,1186
KSTRAW1067,T1,Shoot,R01I01W01,0.14576,,1,W1,1,I1,1,,post_inoc_post_stress,True Sample,FALSE,65848
KSTRAW1068,T1,Shoot,R02I01W01,0.03668,,1,W1,1,I1,2,,post_inoc_post_stress,True Sample,FALSE,26340
KSTRAW1069,T1,Shoot,R03I01W01,0.13967,,1,W1,1,I1,3,P11,post_inoc_post_stress,True Sample,FALSE,5222
KSTRAW1070,T1,Shoot,R04I01W01,0.05564,,1,W1,1,I1,4,,post_inoc_post_stress,True Sample,FALSE,10241
KSTRAW1071,T1,Shoot,R05I01W01,0.10263,,1,W1,1,I1,5,,post_inoc_post_stress,True Sample,FALSE,34445
KSTRAW1072,T1,Shoot,R06I01W01,0.08145,,1,W1,1,I1,6,,post_inoc_post_stress,True Sample,FALSE,362
KSTRAW1073,T1,Shoot,R07I01W01,0.01929,,1,W1,1,I1,7,,post_inoc_post_stress,True Sample,FALSE,12501
KSTRAW1074,T1,Shoot,R08I01W01,0.09991,,1,W1,1,I1,8,,post_inoc_post_stress,True Sample,FALSE,15966
KSTRAW1075,T1,Shoot,R09I01W01,0.06137,,1,W1,1,I1,9,,post_inoc_post_stress,True Sample,FALSE,3971
KSTRAW1076,T1,Shoot,R10I01W01,0.0402,,1,W1,1,I1,10,,post_inoc_post_stress,True Sample,FALSE,54832
KSTRAW1077,T1,Shoot,R11I01W01,0.06099,,1,W1,1,I1,11,,post_inoc_post_stress,True Sample,FALSE,9538
KSTRAW1078,T1,Shoot,R12I01W01,0.08811,,1,W1,1,I1,12,,post_inoc_post_stress,True Sample,FALSE,7530
KSTRAW1079,T1,Shoot,R13I01W01,0.12888,,1,W1,1,I1,13,P19,post_inoc_post_stress,True Sample,FALSE,5347
KSTRAW1080,T1,Shoot,R14I01W01,0.10646,,1,W1,1,I1,14,,post_inoc_post_stress,True Sample,FALSE,2500
KSTRAW1081,T1,Shoot,R09I02W01,0.15395,,1,W1,2,I2,9,P25,post_inoc_post_stress,True Sample,FALSE,1659
KSTRAW1082,T1,Shoot,R02I02W01,0.12414,,1,W1,2,I2,2,,post_inoc_post_stress,True Sample,FALSE,13249
KSTRAW1083,T1,Shoot,R03I02W01,0.03754,,1,W1,2,I2,3,,post_inoc_post_stress,True Sample,FALSE,25505
KSTRAW1084,T1,Shoot,R04I02W01,0.05596,,1,W1,2,I2,4,,post_inoc_post_stress,True Sample,FALSE,33754
KSTRAW1085,T1,Root,R10I02W01,0.2685,,1,W1,2,I2,10,P24,post_inoc_post_stress,True Sample,FALSE,15614
KSTRAW1086,T1,Shoot,R10I02W01,0.12211,,1,W1,2,I2,10,P24,post_inoc_post_stress,True Sample,FALSE,62700
KSTRAW1087,T1,Root,R11I02W01,0.1875,,1,W1,2,I2,11,,post_inoc_post_stress,True Sample,FALSE,11990
KSTRAW1088,T1,Shoot,R11I02W01,0.11087,,1,W1,2,I2,11,,post_inoc_post_stress,True Sample,FALSE,2063
KSTRAW1089,T1,Root,R12I02W01,0.0708,,1,W1,2,I2,12,,post_inoc_post_stress,True Sample,FALSE,6991
KSTRAW1090,T1,Shoot,R12I02W01,0.04035,,1,W1,2,I2,12,,post_inoc_post_stress,True Sample,FALSE,20813
KSTRAW1091,T1,Root,R13I02W01,0.1151,,1,W1,2,I2,13,,post_inoc_post_stress,True Sample,FALSE,645
KSTRAW1092,T1,Shoot,R13I02W01,0.09249,,1,W1,2,I2,13,,post_inoc_post_stress,True Sample,FALSE,1275
KSTRAW1093,T1,Root,R14I02W01,0.2462,,1,W1,2,I2,14,P29,post_inoc_post_stress,True Sample,FALSE,3661
KSTRAW1094,T1,Shoot,R14I02W01,0.16986,,1,W1,2,I2,14,P29,post_inoc_post_stress,True Sample,FALSE,2203
KSTRAW1095,T1,Shoot,R01I03W01,0.02456,,1,W1,3,I3,1,,post_inoc_post_stress,True Sample,FALSE,7979
KSTRAW1096,T1,Shoot,R02I03W01,0.02884,,1,W1,3,I3,2,,post_inoc_post_stress,True Sample,FALSE,10196
KSTRAW1097,T1,Shoot,R03I03W01,0.0518,,1,W1,3,I3,3,,post_inoc_post_stress,True Sample,FALSE,20157
KSTRAW1098,T1,Shoot,R04I03W01,0.02255,"0.08067 * could be #5 or 7, orange taped",1,W1,3,I3,4,,post_inoc_post_stress,True Sample,FALSE,9835
KSTRAW1099,T1,Shoot,R05I03W01,NA,,1,W1,3,I3,5,P10,post_inoc_post_stress,True Sample,FALSE,14613
KSTRAW1100,T1,Shoot,R06I03W01,0.06631,,1,W1,3,I3,6,P16,post_inoc_post_stress,True Sample,FALSE,1867
KSTRAW1102,T1,Shoot,R08I03W01,0.12361,,1,W1,3,I3,8,,post_inoc_post_stress,True Sample,FALSE,3410
KSTRAW1103,T1,Shoot,R09I03W01,0.14834,,1,W1,3,I3,9,P23,post_inoc_post_stress,True Sample,FALSE,323
KSTRAW1104,T1,Shoot,R10I03W01,0.04842,,1,W1,3,I3,10,,post_inoc_post_stress,True Sample,FALSE,34986
KSTRAW1105,T1,Shoot,R11I03W01,0.0353,,1,W1,3,I3,11,,post_inoc_post_stress,True Sample,FALSE,17372
KSTRAW1106,T1,Shoot,R12I03W01,0.05161,,1,W1,3,I3,12,,post_inoc_post_stress,True Sample,FALSE,4552
KSTRAW1107,T1,Shoot,R13I03W01,0.10096,,1,W1,3,I3,13,P22,post_inoc_post_stress,True Sample,FALSE,11571
KSTRAW1108,T1,Shoot,R14I03W01,0.05884,,1,W1,3,I3,14,,post_inoc_post_stress,True Sample,FALSE,939
KSTRAW1111,T1,Shoot,R03I04W01,0.0609,,1,W1,4,I4,3,P12,post_inoc_post_stress,True Sample,FALSE,3210
KSTRAW1112,T1,Shoot,R04I04W01,0.09441,,1,W1,4,I4,4,,post_inoc_post_stress,True Sample,FALSE,846
KSTRAW1113,T1,Shoot,R05I04W01,0.05321,,1,W1,4,I4,5,,post_inoc_post_stress,True Sample,FALSE,3794
KSTRAW1114,T1,Shoot,R06I04W01,0.0257,,1,W1,4,I4,6,,post_inoc_post_stress,True Sample,FALSE,2598
KSTRAW1115,T1,Shoot,R07I04W01,0.05381,,1,W1,4,I4,7,P15,post_inoc_post_stress,True Sample,FALSE,6602
KSTRAW1116,T1,Shoot,R08I04W01,0.04849,,1,W1,4,I4,8,,post_inoc_post_stress,True Sample,FALSE,832
KSTRAW1117,T1,Shoot,R09I04W01,0.09706,,1,W1,4,I4,9,,post_inoc_post_stress,True Sample,FALSE,2895
KSTRAW1118,T1,Shoot,R10I04W01,0.03205,,1,W1,4,I4,10,,post_inoc_post_stress,True Sample,FALSE,4296
KSTRAW1119,T1,Shoot,R11I04W01,0.05517,,1,W1,4,I4,11,,post_inoc_post_stress,True Sample,FALSE,1835
KSTRAW1120,T1,Shoot,R12I04W01,0.04325,,1,W1,4,I4,12,,post_inoc_post_stress,True Sample,FALSE,2066
KSTRAW1121,T1,Shoot,R13I04W01,0.14588,,1,W1,4,I4,13,,post_inoc_post_stress,True Sample,FALSE,309
KSTRAW1122,T1,Shoot,R14I04W01,0.08241,,1,W1,4,I4,14,P27,post_inoc_post_stress,True Sample,FALSE,2466
KSTRAW1123,T1,Shoot,R01I05W01,0.07689,,1,W1,5,I5,1,P14,post_inoc_post_stress,True Sample,FALSE,520
KSTRAW1124,T1,Shoot,R02I05W01,0.03888,,1,W1,5,I5,2,,post_inoc_post_stress,True Sample,FALSE,2743
KSTRAW1125,T1,Shoot,R03I05W01,0.02552,,1,W1,5,I5,3,,post_inoc_post_stress,True Sample,FALSE,2066
KSTRAW1126,T1,Shoot,R04I05W01,0.02925,,1,W1,5,I5,4,,post_inoc_post_stress,True Sample,FALSE,830
KSTRAW1127,T1,Shoot,R05I05W01,0.05317,,1,W1,5,I5,5,,post_inoc_post_stress,True Sample,FALSE,515
KSTRAW1128,T1,Shoot,R06I05W01,0.13449,,1,W1,5,I5,6,P17,post_inoc_post_stress,True Sample,FALSE,2251
KSTRAW1129,T1,Shoot,R07I05W01,0.12802,,1,W1,5,I5,7,P13,post_inoc_post_stress,True Sample,FALSE,2747
KSTRAW1130,T1,Shoot,R08I05W01,0.10791,,1,W1,5,I5,8,P26,post_inoc_post_stress,True Sample,FALSE,2877
KSTRAW1131,T1,Shoot,R09I05W01,0.06807,,1,W1,5,I5,9,,post_inoc_post_stress,True Sample,FALSE,2080
KSTRAW1132,T1,Shoot,R10I05W01,0.14424,*may be sample 10 from inoc 6/water3,1,W1,5,I5,10,P21,post_inoc_post_stress,True Sample,FALSE,170
KSTRAW1133,T1,Shoot,R11I05W01,0.21752,,1,W1,5,I5,11,P20,post_inoc_post_stress,True Sample,FALSE,4596
KSTRAW1135,T1,Shoot,R13I05W01,0.01968,,1,W1,5,I5,13,,post_inoc_post_stress,True Sample,FALSE,6773
KSTRAW1136,T1,Shoot,R14I05W01,0.096,,1,W1,5,I5,14,,post_inoc_post_stress,True Sample,FALSE,16347
KSTRAW1137,T1,Shoot,R01I06W01,0.08892,,1,W1,6,I6,1,,post_inoc_post_stress,Control,TRUE,2539
KSTRAW1140,T1,Shoot,R04I06W01,0.10879,,1,W1,6,I6,4,,post_inoc_post_stress,Control,TRUE,2607
KSTRAW1142,T1,Shoot,R06I06W01,0.075,,1,W1,6,I6,6,,post_inoc_post_stress,Control,TRUE,2317
KSTRAW1143,T1,Shoot,R07I06W01,0.1233,,1,W1,6,I6,7,,post_inoc_post_stress,Control,TRUE,13910
KSTRAW1144,T1,Shoot,R08I06W01,0.13651,,1,W1,6,I6,8,,post_inoc_post_stress,Control,TRUE,4429
KSTRAW1145,T1,Shoot,R09I06W01,0.18419,,1,W1,6,I6,9,P28,post_inoc_post_stress,Control,TRUE,1466
KSTRAW1146,T1,Shoot,R10I06W01,0.07222,,1,W1,6,I6,10,,post_inoc_post_stress,Control,TRUE,2022
KSTRAW1148,T1,Shoot,R12I06W01,0.02643,,1,W1,6,I6,12,,post_inoc_post_stress,Control,TRUE,12621
KSTRAW1149,T1,Shoot,R13I06W01,0.16522,,1,W1,6,I6,13,,post_inoc_post_stress,Control,TRUE,5575
KSTRAW1150,T1,Shoot,R14I06W01,0.10872,,1,W1,6,I6,14,,post_inoc_post_stress,Control,TRUE,4728
KSTRAW1151,T1,Shoot,R01I01W02,0.05775,,2,W2,1,I1,1,,post_inoc_post_stress,True Sample,FALSE,15961
KSTRAW1152,T1,Shoot,R02I01W02,0.10331,,2,W2,1,I1,2,,post_inoc_post_stress,True Sample,FALSE,744
KSTRAW1153,T1,Shoot,R03I01W02,0.16029,,2,W2,1,I1,3,,post_inoc_post_stress,True Sample,FALSE,9026
KSTRAW1154,T1,Shoot,R04I01W02,0.08585,,2,W2,1,I1,4,,post_inoc_post_stress,True Sample,FALSE,14281
KSTRAW1155,T1,Shoot,R05I01W02,0.10794,,2,W2,1,I1,5,,post_inoc_post_stress,True Sample,FALSE,8892
KSTRAW1156,T1,Shoot,R06I01W02,0.06678,,2,W2,1,I1,6,,post_inoc_post_stress,True Sample,FALSE,207
KSTRAW1157,T1,Shoot,R07I01W02,0.17716,,2,W2,1,I1,7,,post_inoc_post_stress,True Sample,FALSE,4528
KSTRAW1158,T1,Shoot,R08I01W02,0.0748,,2,W2,1,I1,8,,post_inoc_post_stress,True Sample,FALSE,10973
KSTRAW1159,T1,Shoot,R09I01W02,0.06222,,2,W2,1,I1,9,,post_inoc_post_stress,True Sample,FALSE,17705
KSTRAW1160,T1,Shoot,R10I01W02,0.03573,,2,W2,1,I1,10,,post_inoc_post_stress,True Sample,FALSE,9976
KSTRAW1161,T1,Shoot,R11I01W02,0.14492,,2,W2,1,I1,11,,post_inoc_post_stress,True Sample,FALSE,27720
KSTRAW1162,T1,Shoot,R12I01W02,0.01339,,2,W2,1,I1,12,,post_inoc_post_stress,True Sample,FALSE,10316
KSTRAW1163,T1,Shoot,R13I01W02,0.03182,,2,W2,1,I1,13,,post_inoc_post_stress,True Sample,FALSE,9270
KSTRAW1164,T1,Shoot,R14I01W02,0.21145,,2,W2,1,I1,14,,post_inoc_post_stress,True Sample,FALSE,17622
KSTRAW1165,T1,Shoot,R01I02W02,0.10963,,2,W2,2,I2,1,,post_inoc_post_stress,True Sample,FALSE,14676
KSTRAW1166,T1,Shoot,R02I02W02,0.10721,,2,W2,2,I2,2,,post_inoc_post_stress,True Sample,FALSE,919
KSTRAW1167,T1,Shoot,R03I02W02,0.09784,,2,W2,2,I2,3,,post_inoc_post_stress,True Sample,FALSE,2416
KSTRAW1168,T1,Shoot,R04I02W02,0.15066,,2,W2,2,I2,4,,post_inoc_post_stress,True Sample,FALSE,1675
KSTRAW1169,T1,Shoot,R05I02W02,0.0923,,2,W2,2,I2,5,,post_inoc_post_stress,True Sample,FALSE,5662
KSTRAW1170,T1,Shoot,R06I02W02,0.06068,,2,W2,2,I2,6,,post_inoc_post_stress,True Sample,FALSE,9626
KSTRAW1171,T1,Shoot,R07I02W02,0.1211,,2,W2,2,I2,7,,post_inoc_post_stress,True Sample,FALSE,11791
KSTRAW1172,T1,Shoot,R08I02W02,0.10557,,2,W2,2,I2,8,,post_inoc_post_stress,True Sample,FALSE,6853
KSTRAW1173,T1,Shoot,R09I02W02,0.06823,,2,W2,2,I2,9,P34,post_inoc_post_stress,True Sample,FALSE,7737
KSTRAW1174,T1,Shoot,R10I02W02,0.12164,,2,W2,2,I2,10,,post_inoc_post_stress,True Sample,FALSE,1179
KSTRAW1175,T1,Shoot,R11I02W02,0.08889,,2,W2,2,I2,11,,post_inoc_post_stress,True Sample,FALSE,2661
KSTRAW1176,T1,Shoot,R12I02W02,0.13628,,2,W2,2,I2,12,,post_inoc_post_stress,True Sample,FALSE,42136
KSTRAW1177,T1,Shoot,R13I02W02,0.11693,,2,W2,2,I2,13,P32,post_inoc_post_stress,True Sample,FALSE,30158
KSTRAW1178,T1,Shoot,R14I02W02,0.10996,,2,W2,2,I2,14,,post_inoc_post_stress,True Sample,FALSE,10270
KSTRAW1179,T1,Shoot,R01I03W02,0.1107,,2,W2,3,I3,1,,post_inoc_post_stress,True Sample,FALSE,2169
KSTRAW1180,T1,Shoot,R02I03W02,0.06067,,2,W2,3,I3,2,,post_inoc_post_stress,True Sample,FALSE,14289
KSTRAW1181,T1,Shoot,R03I03W02,0.15395,,2,W2,3,I3,3,,post_inoc_post_stress,True Sample,FALSE,4627
KSTRAW1182,T1,Shoot,R04I03W02,0.07743,,2,W2,3,I3,4,,post_inoc_post_stress,True Sample,FALSE,10057
KSTRAW1183,T1,Shoot,R05I03W02,0.03641,,2,W2,3,I3,5,,post_inoc_post_stress,True Sample,FALSE,7889
KSTRAW1184,T1,Shoot,R06I03W02,0.12903,,2,W2,3,I3,6,,post_inoc_post_stress,True Sample,FALSE,7110
KSTRAW1185,T1,Shoot,R07I03W02,0.09526,,2,W2,3,I3,7,,post_inoc_post_stress,True Sample,FALSE,2005
KSTRAW1186,T1,Shoot,R08I03W02,0.02274,,2,W2,3,I3,8,,post_inoc_post_stress,True Sample,FALSE,9780
KSTRAW1187,T1,Shoot,R09I03W02,0.1,,2,W2,3,I3,9,,post_inoc_post_stress,True Sample,FALSE,27657
KSTRAW1188,T1,Shoot,R10I03W02,0.10915,,2,W2,3,I3,10,P35,post_inoc_post_stress,True Sample,FALSE,2245
KSTRAW1189,T1,Shoot,R11I03W02,0.0178,,2,W2,3,I3,11,,post_inoc_post_stress,True Sample,FALSE,5226
KSTRAW1190,T1,Shoot,R12I03W02,0.13861,,2,W2,3,I3,12,,post_inoc_post_stress,True Sample,FALSE,6032
KSTRAW1191,T1,Shoot,R13I03W02,0.09997,,2,W2,3,I3,13,,post_inoc_post_stress,True Sample,FALSE,30624
KSTRAW1192,T1,Shoot,R14I03W02,0.11697,,2,W2,3,I3,14,,post_inoc_post_stress,True Sample,FALSE,5770
KSTRAW1193,T1,Shoot,R01I04W02,0.14117,,2,W2,4,I4,1,,post_inoc_post_stress,True Sample,FALSE,1072
KSTRAW1194,T1,Shoot,R02I04W02,0.2267,,2,W2,4,I4,2,,post_inoc_post_stress,True Sample,FALSE,1836
KSTRAW1195,T1,Shoot,R03I04W02,0.05928,,2,W2,4,I4,3,,post_inoc_post_stress,True Sample,FALSE,7507
KSTRAW1196,T1,Shoot,R04I04W02,0.0805,,2,W2,4,I4,4,,post_inoc_post_stress,True Sample,FALSE,5787
KSTRAW1197,T1,Shoot,R05I04W02,0.17535,,2,W2,4,I4,5,,post_inoc_post_stress,True Sample,FALSE,2123
KSTRAW1198,T1,Shoot,R06I04W02,0.09643,,2,W2,4,I4,6,,post_inoc_post_stress,True Sample,FALSE,62
KSTRAW1199,T1,Shoot,R07I04W02,0.11929,,2,W2,4,I4,7,,post_inoc_post_stress,True Sample,FALSE,2974
KSTRAW1200,T1,Shoot,R08I04W02,0.09466,,2,W2,4,I4,8,,post_inoc_post_stress,True Sample,FALSE,13262
KSTRAW1201,T1,Shoot,R09I04W02,0.04354,,2,W2,4,I4,9,,post_inoc_post_stress,True Sample,FALSE,6514
KSTRAW1202,T1,Shoot,R10I04W02,0.2487,,2,W2,4,I4,10,,post_inoc_post_stress,True Sample,FALSE,10414
KSTRAW1203,T1,Shoot,R11I04W02,0.12263,,2,W2,4,I4,11,,post_inoc_post_stress,True Sample,FALSE,9810
KSTRAW1204,T1,Shoot,R12I04W02,0.12876,,2,W2,4,I4,12,,post_inoc_post_stress,True Sample,FALSE,7770
KSTRAW1205,T1,Shoot,R13I04W02,0.04235,,2,W2,4,I4,13,,post_inoc_post_stress,True Sample,FALSE,7994
KSTRAW1206,T1,Shoot,R14I04W02,0.17629,,2,W2,4,I4,14,,post_inoc_post_stress,True Sample,FALSE,11219
KSTRAW1207,T1,Shoot,R01I05W02,0.19355,,2,W2,5,I5,1,,post_inoc_post_stress,True Sample,FALSE,16015
KSTRAW1208,T1,Shoot,R02I05W02,0.13772,,2,W2,5,I5,2,,post_inoc_post_stress,True Sample,FALSE,21605
KSTRAW1209,T1,Shoot,R03I05W02,0.07572,,2,W2,5,I5,3,,post_inoc_post_stress,True Sample,FALSE,3070
KSTRAW1210,T1,Shoot,R04I05W02,0.16963,,2,W2,5,I5,4,,post_inoc_post_stress,True Sample,FALSE,9929
KSTRAW1211,T1,Shoot,R05I05W02,0.1547,,2,W2,5,I5,5,,post_inoc_post_stress,True Sample,FALSE,655
KSTRAW1212,T1,Shoot,R06I05W02,0.15076,,2,W2,5,I5,6,,post_inoc_post_stress,True Sample,FALSE,5242
KSTRAW1213,T1,Shoot,R07I05W02,0.11751,,2,W2,5,I5,7,,post_inoc_post_stress,True Sample,FALSE,226
KSTRAW1214,T1,Shoot,R08I05W02,0.02168,,2,W2,5,I5,8,,post_inoc_post_stress,True Sample,FALSE,3770
KSTRAW1215,T1,Shoot,R09I05W02,0.11503,,2,W2,5,I5,9,P31,post_inoc_post_stress,True Sample,FALSE,16624
KSTRAW1216,T1,Shoot,R10I05W02,0.20806,,2,W2,5,I5,10,P33,post_inoc_post_stress,True Sample,FALSE,21029
KSTRAW1217,T1,Shoot,R11I05W02,0.11148,,2,W2,5,I5,11,P30,post_inoc_post_stress,True Sample,FALSE,14901
KSTRAW1218,T1,Shoot,R12I05W02,0.13164,,2,W2,5,I5,12,,post_inoc_post_stress,True Sample,FALSE,4009
KSTRAW1219,T1,Shoot,R13I05W02,0.1034,,2,W2,5,I5,13,,post_inoc_post_stress,True Sample,FALSE,24747
KSTRAW1220,T1,Shoot,R14I05W02,0.04615,,2,W2,5,I5,14,,post_inoc_post_stress,True Sample,FALSE,1802
KSTRAW1221,T1,Shoot,R01I06W02,0.02128,,2,W2,6,I6,1,,post_inoc_post_stress,Control,TRUE,2578
KSTRAW1224,T1,Shoot,R04I06W02,0.39044,,2,W2,6,I6,4,,post_inoc_post_stress,Control,TRUE,11573
KSTRAW1225,T1,Shoot,R05I06W02,0.09411,,2,W2,6,I6,5,,post_inoc_post_stress,Control,TRUE,3146
KSTRAW1226,T1,Shoot,R06I06W02,0.10165,,2,W2,6,I6,6,,post_inoc_post_stress,Control,TRUE,5475
KSTRAW1227,T1,Shoot,R07I06W02,0.14686,,2,W2,6,I6,7,,post_inoc_post_stress,Control,TRUE,13641
KSTRAW1228,T1,Shoot,R08I06W02,0.04529,,2,W2,6,I6,8,,post_inoc_post_stress,Control,TRUE,14110
KSTRAW1229,T1,Shoot,R09I06W02,0.06045,,2,W2,6,I6,9,,post_inoc_post_stress,Control,TRUE,151
KSTRAW1230,T1,Shoot,R10I06W02,0.03282,,2,W2,6,I6,10,,post_inoc_post_stress,Control,TRUE,70402
KSTRAW1231,T1,Shoot,R11I06W02,0.0845,,2,W2,6,I6,11,,post_inoc_post_stress,Control,TRUE,5291
KSTRAW1232,T1,Shoot,R12I06W02,0.2437,,2,W2,6,I6,12,,post_inoc_post_stress,Control,TRUE,17613
KSTRAW1234,T1,Shoot,R14I06W02,0.03929,,2,W2,6,I6,14,,post_inoc_post_stress,Control,TRUE,2902
KSTRAW1235,T1,Shoot,R01I01W03,0.03115,,3,W3,1,I1,1,,post_inoc_post_stress,True Sample,FALSE,9799
KSTRAW1236,T1,Shoot,R02I01W03,0.07406,,3,W3,1,I1,2,,post_inoc_post_stress,True Sample,FALSE,7244
KSTRAW1237,T1,Shoot,R03I01W03,0.11719,,3,W3,1,I1,3,,post_inoc_post_stress,True Sample,FALSE,30024
KSTRAW1238,T1,Shoot,R04I01W03,0.06887,,3,W3,1,I1,4,,post_inoc_post_stress,True Sample,FALSE,4501
KSTRAW1239,T1,Shoot,R05I01W03,0.0951,,3,W3,1,I1,5,,post_inoc_post_stress,True Sample,FALSE,10921
KSTRAW1240,T1,Shoot,R06I01W03,0.10046,,3,W3,1,I1,6,,post_inoc_post_stress,True Sample,FALSE,18003
KSTRAW1241,T1,Shoot,R07I01W03,0.03203,,3,W3,1,I1,7,,post_inoc_post_stress,True Sample,FALSE,40399
KSTRAW1242,T1,Shoot,R08I01W03,0.16213,,3,W3,1,I1,8,P8,post_inoc_post_stress,True Sample,FALSE,3598
KSTRAW1244,T1,Shoot,R10I01W03,0.09717,,3,W3,1,I1,10,,post_inoc_post_stress,True Sample,FALSE,18725
KSTRAW1245,T1,Shoot,R11I01W03,0.08215,,3,W3,1,I1,11,,post_inoc_post_stress,True Sample,FALSE,8380
KSTRAW1246,T1,Shoot,R12I01W03,0.0645,,3,W3,1,I1,12,,post_inoc_post_stress,True Sample,FALSE,824
KSTRAW1247,T1,Shoot,R13I01W03,0.08311,,3,W3,1,I1,13,,post_inoc_post_stress,True Sample,FALSE,13077
KSTRAW1248,T1,Shoot,R14I01W03,0.07164,,3,W3,1,I1,14,,post_inoc_post_stress,True Sample,FALSE,7729
KSTRAW1249,T1,Shoot,R01I02W03,0.02411,,3,W3,2,I2,1,,post_inoc_post_stress,True Sample,FALSE,3886
KSTRAW1250,T1,Shoot,R02I02W03,0.073,,3,W3,2,I2,2,,post_inoc_post_stress,True Sample,FALSE,1340
KSTRAW1251,T1,Shoot,R03I02W03,0.0887,,3,W3,2,I2,3,,post_inoc_post_stress,True Sample,FALSE,6080
KSTRAW1252,T1,Shoot,R04I02W03,0.16274,,3,W3,2,I2,4,P4,post_inoc_post_stress,True Sample,FALSE,24625
KSTRAW1253,T1,Shoot,R05I02W03,0.11731,,3,W3,2,I2,5,P5,post_inoc_post_stress,True Sample,FALSE,42690
KSTRAW1254,T1,Shoot,R06I02W03,0.13644,,3,W3,2,I2,6,,post_inoc_post_stress,True Sample,FALSE,5658
KSTRAW1255,T1,Shoot,R07I02W03,0.16668,,3,W3,2,I2,7,,post_inoc_post_stress,True Sample,FALSE,13472
KSTRAW1256,T1,Shoot,R08I02W03,0.154,,3,W3,2,I2,8,,post_inoc_post_stress,True Sample,FALSE,6741
KSTRAW1257,T1,Shoot,R09I02W03,0.07258,,3,W3,2,I2,9,,post_inoc_post_stress,True Sample,FALSE,1349
KSTRAW1258,T1,Shoot,R10I02W03,0.03111,,3,W3,2,I2,10,,post_inoc_post_stress,True Sample,FALSE,1069
KSTRAW1259,T1,Shoot,R11I02W03,0.06933,,3,W3,2,I2,11,,post_inoc_post_stress,True Sample,FALSE,17676
KSTRAW1260,T1,Shoot,R12I02W03,0.05783,,3,W3,2,I2,12,,post_inoc_post_stress,True Sample,FALSE,10090
KSTRAW1261,T1,Shoot,R13I02W03,0.09005,,3,W3,2,I2,13,,post_inoc_post_stress,True Sample,FALSE,23489
KSTRAW1262,T1,Shoot,R14I02W03,0.20596,,3,W3,2,I2,14,,post_inoc_post_stress,True Sample,FALSE,10845
KSTRAW1263,T1,Shoot,R01I03W03,0.11679,,3,W3,3,I3,1,,post_inoc_post_stress,True Sample,FALSE,39334
KSTRAW1265,T1,Shoot,R03I03W03,0.21487,,3,W3,3,I3,3,,post_inoc_post_stress,True Sample,FALSE,7233
KSTRAW1266,T1,Shoot,R04I03W03,0.01288,,3,W3,3,I3,4,,post_inoc_post_stress,True Sample,FALSE,10404
KSTRAW1267,T1,Shoot,R05I03W03,0.12219,,3,W3,3,I3,5,,post_inoc_post_stress,True Sample,FALSE,4132
KSTRAW1268,T1,Shoot,R06I03W03,0.0172,,3,W3,3,I3,6,,post_inoc_post_stress,True Sample,FALSE,2988
KSTRAW1269,T1,Shoot,R07I03W03,0.04562,,3,W3,3,I3,7,,post_inoc_post_stress,True Sample,FALSE,4261
KSTRAW1270,T1,Shoot,R08I03W03,0.07766,,3,W3,3,I3,8,,post_inoc_post_stress,True Sample,FALSE,5554
KSTRAW1271,T1,Shoot,R09I03W03,0.09311,,3,W3,3,I3,9,,post_inoc_post_stress,True Sample,FALSE,2117
KSTRAW1272,T1,Shoot,R10I03W03,0.06777,,3,W3,3,I3,10,,post_inoc_post_stress,True Sample,FALSE,5881
KSTRAW1273,T1,Shoot,R11I03W03,0.19038,,3,W3,3,I3,11,,post_inoc_post_stress,True Sample,FALSE,1692
KSTRAW1274,T1,Shoot,R12I03W03,0.10796,,3,W3,3,I3,12,,post_inoc_post_stress,True Sample,FALSE,12331
KSTRAW1275,T1,Shoot,R13I03W03,0.10961,,3,W3,3,I3,13,,post_inoc_post_stress,True Sample,FALSE,21838
KSTRAW1276,T1,Shoot,R14I03W03,0.10435,,3,W3,3,I3,14,,post_inoc_post_stress,True Sample,FALSE,3365
KSTRAW1277,T1,Shoot,R01I04W03,0.0752,,3,W3,4,I4,1,,post_inoc_post_stress,True Sample,FALSE,1354
KSTRAW1278,T1,Shoot,R02I04W03,0.07398,,3,W3,4,I4,2,,post_inoc_post_stress,True Sample,FALSE,565
KSTRAW1279,T1,Shoot,R03I04W03,0.04257,,3,W3,4,I4,3,,post_inoc_post_stress,True Sample,FALSE,14124
KSTRAW1280,T1,Shoot,R04I04W03,0.02241,,3,W3,4,I4,4,,post_inoc_post_stress,True Sample,FALSE,15335
KSTRAW1281,T1,Shoot,R05I04W03,0.20692,,3,W3,4,I4,5,,post_inoc_post_stress,True Sample,FALSE,1740
KSTRAW1282,T1,Shoot,R06I04W03,0.40463,,3,W3,4,I4,6,P2,post_inoc_post_stress,True Sample,FALSE,606
KSTRAW1283,T1,Shoot,R07I04W03,0.05313,,3,W3,4,I4,7,,post_inoc_post_stress,True Sample,FALSE,24672
KSTRAW1284,T1,Shoot,R08I04W03,0.12654,,3,W3,4,I4,8,,post_inoc_post_stress,True Sample,FALSE,21212
KSTRAW1285,T1,Shoot,R09I04W03,0.10699,,3,W3,4,I4,9,,post_inoc_post_stress,True Sample,FALSE,28569
KSTRAW1286,T1,Shoot,R10I04W03,0.04806,,3,W3,4,I4,10,,post_inoc_post_stress,True Sample,FALSE,3092
KSTRAW1287,T1,Shoot,R11I04W03,0.28452,,3,W3,4,I4,11,,post_inoc_post_stress,True Sample,FALSE,3100
KSTRAW1288,T1,Shoot,R12I04W03,0.18302,,3,W3,4,I4,12,,post_inoc_post_stress,True Sample,FALSE,13688
KSTRAW1289,T1,Shoot,R13I04W03,0.10494,,3,W3,4,I4,13,,post_inoc_post_stress,True Sample,FALSE,6159
KSTRAW1290,T1,Shoot,R14I04W03,0.1305,,3,W3,4,I4,14,P7=P6-2,post_inoc_post_stress,True Sample,FALSE,1648
KSTRAW1291,T1,Shoot,R01I05W03,0.18478,,3,W3,5,I5,1,P1,post_inoc_post_stress,True Sample,FALSE,16104
KSTRAW1292,T1,Shoot,R02I05W03,0.07397,,3,W3,5,I5,2,,post_inoc_post_stress,True Sample,FALSE,11671
KSTRAW1293,T1,Shoot,R03I05W03,0.09857,,3,W3,5,I5,3,,post_inoc_post_stress,True Sample,FALSE,2737
KSTRAW1294,T1,Shoot,R04I05W03,0.07003,,3,W3,5,I5,4,P3,post_inoc_post_stress,True Sample,FALSE,7691
KSTRAW1296,T1,Shoot,R06I05W03,0.10079,,3,W3,5,I5,6,,post_inoc_post_stress,True Sample,FALSE,2954
KSTRAW1298,T1,Shoot,R08I05W03,0.08127,,3,W3,5,I5,8,P9,post_inoc_post_stress,True Sample,FALSE,18136
KSTRAW1299,T1,Shoot,R09I05W03,0.06912,,3,W3,5,I5,9,,post_inoc_post_stress,True Sample,FALSE,2805
KSTRAW1300,T1,Shoot,R10I05W03,0.27948,,3,W3,5,I5,10,P6,post_inoc_post_stress,True Sample,FALSE,1193
KSTRAW1302,T1,Shoot,R12I05W03,0.08504,,3,W3,5,I5,12,,post_inoc_post_stress,True Sample,FALSE,10957
KSTRAW1303,T1,Shoot,R13I05W03,0.02505,,3,W3,5,I5,13,,post_inoc_post_stress,True Sample,FALSE,21
KSTRAW1304,T1,Shoot,R14I05W03,0.11779,,3,W3,5,I5,14,,post_inoc_post_stress,True Sample,FALSE,2171
KSTRAW1305,T1,Shoot,R01I06W03,0.21841,,3,W3,6,I6,1,,post_inoc_post_stress,Control,TRUE,1464
KSTRAW1306,T1,Shoot,R02I06W03,0.06695,,3,W3,6,I6,2,,post_inoc_post_stress,Control,TRUE,1046
KSTRAW1307,T1,Shoot,R03I06W03,0.12741,,3,W3,6,I6,3,,post_inoc_post_stress,Control,TRUE,16767
KSTRAW1308,T1,Shoot,R04I06W03,0.02894,,3,W3,6,I6,4,,post_inoc_post_stress,Control,TRUE,27
KSTRAW1309,T1,Shoot,R05I06W03,0.14579,,3,W3,6,I6,5,,post_inoc_post_stress,Control,TRUE,8572
KSTRAW1310,T1,Shoot,R06I06W03,0.03559,,3,W3,6,I6,6,,post_inoc_post_stress,Control,TRUE,1
KSTRAW1311,T1,Shoot,R07I06W03,0.11415,,3,W3,6,I6,7,,post_inoc_post_stress,Control,TRUE,23124
KSTRAW1312,T1,Shoot,R08I06W03,0.1977,,3,W3,6,I6,8,,post_inoc_post_stress,Control,TRUE,2295
KSTRAW1313,T1,Shoot,R09I06W03,0.10303,,3,W3,6,I6,9,,post_inoc_post_stress,Control,TRUE,272
KSTRAW1314,T1,Shoot,R10I06W03,0.12014,*may be sample 10 from inoc 5/water1,3,W3,6,I6,10,,post_inoc_post_stress,Control,TRUE,12714
KSTRAW1315,T1,Shoot,R11I06W03,0.11553,,3,W3,6,I6,11,,post_inoc_post_stress,Control,TRUE,1182
KSTRAW1316,T1,Shoot,R12I06W03,0.16597,,3,W3,6,I6,12,,post_inoc_post_stress,Control,TRUE,1718
KSTRAW1317,T1,Shoot,R13I06W03,0.17223,,3,W3,6,I6,13,,post_inoc_post_stress,Control,TRUE,720
KSTRAW1318,T1,Shoot,R14I06W03,0.26723,,3,W3,6,I6,14,,post_inoc_post_stress,Control,TRUE,507
