"","SampleID","TimePoint","Type","PlantID","WeightGrams","SampleNotes","Water","Inoculation","Replicate","PlantNotes","SampleType","Sample_or_Control"
"1","KSTRAW1074","T1","Shoot","R08I01W01",0.09991,"",1,"1",8,"","post_inoc_post_stress","True Sample"
"3","KSTRAW1437","T0","Shoot","R02I04W03",NA,"Time 0 DNA pooled leaves 10 mg",3,"4",2,"Pooled plants","post_inoc_pre_stress","True Sample"
"4","KSTRAW1091","T1","Root","R13I02W01",0.1151,"",1,"2",13,"","post_inoc_post_stress","True Sample"
"5","KSTRAW0848","T1","Root","R06I03W01",0.2032,"",1,"3",6,"P16","post_inoc_post_stress","True Sample"
"6","KSTRAW1046","T1","Root","R08I05W03",0.2075,"",3,"5",8,"P9","post_inoc_post_stress","True Sample"
"7","KSTRAW1132","T1","Shoot","R10I05W01",0.14424,"*may be sample 10 from inoc 6/water3",1,"5",10,"P21","post_inoc_post_stress","True Sample"
"8","KSTRAW1364","T0","Shoot","R06I05W01",NA,"Time 0 DNA pooled leaves 10 mg",1,"5",6,"Pooled plants","post_inoc_pre_stress","True Sample"
"9","KSTRAW1162","T1","Shoot","R12I01W02",0.01339,"",2,"1",12,"","post_inoc_post_stress","True Sample"
"10","KSTRAW0856","T1","Root","R14I03W01",0.1528,"",1,"3",14,"","post_inoc_post_stress","True Sample"
"11","KSTRAW0867","T1","Root","R11I04W01",0.0811,"",1,"4",11,"","post_inoc_post_stress","True Sample"
"12","KSTRAW1409","T0","Shoot","R02I06W02",NA,"Time 0 DNA pooled leaves 10 mg",2,"6",2,"Pooled plants","i6","Control"
"13","KSTRAW1388","T0","Shoot","R02I03W02",NA,"Time 0 DNA pooled leaves 10 mg",2,"3",2,"Pooled plants","post_inoc_pre_stress","True Sample"
"14","KSTRAW1249","T1","Shoot","R01I02W03",0.02411,"",3,"2",1,"","post_inoc_post_stress","True Sample"
"15","KSTRAW0870","T1","Root","R14I04W01",0.2076,"",1,"4",14,"P27","post_inoc_post_stress","True Sample"
"16","KSTRAW0906","T1","Root","R08I01W02",0.0777,"",2,"1",8,"","post_inoc_post_stress","True Sample"
"17","KSTRAW0945","T1","Root","R05I04W02",0.3142,"",2,"4",5,"","post_inoc_post_stress","True Sample"
"18","KSTRAW1282","T1","Shoot","R06I04W03",0.40463,"",3,"4",6,"P2","post_inoc_post_stress","True Sample"
"19","KSTRAW1323","Control","Inoculum 5","R00I05W00",NA,"Inocolum 5-ridge rep 1",NA,"InitialSource",NA,"","slurry","True Sample"
"20","KSTRAW0841","T1","Shoot","R08I02W01",0.07335,"",1,"2",8,"","post_inoc_post_stress","True Sample"
"21","KSTRAW1366","T0","Shoot","R01I06W01",NA,"Time 0 DNA pooled leaves 10 mg",1,"6",1,"Pooled plants","i6","Control"
"22","KSTRAW1362","T0","Shoot","R04I05W01",NA,"Time 0 DNA pooled leaves 10 mg",1,"5",4,"Pooled plants","post_inoc_pre_stress","True Sample"
"23","KSTRAW0994","T1","Root","R12I01W03",0.0812,"",3,"1",12,"","post_inoc_post_stress","True Sample"
"24","KSTRAW1140","T1","Shoot","R04I06W01",0.10879,"",1,"6",4,"","i6","Control"
"25","KSTRAW1127","T1","Shoot","R05I05W01",0.05317,"",1,"5",5,"","post_inoc_post_stress","True Sample"
"26","KSTRAW1175","T1","Shoot","R11I02W02",0.08889,"",2,"2",11,"","post_inoc_post_stress","True Sample"
"27","KSTRAW1088","T1","Shoot","R11I02W01",0.11087,"",1,"2",11,"","post_inoc_post_stress","True Sample"
"28","KSTRAW1229","T1","Shoot","R09I06W02",0.06045,"",2,"6",9,"","i6","Control"
"29","KSTRAW1420","T0","Shoot","R06I01W03",NA,"Time 0 DNA pooled leaves 10 mg",3,"1",6,"Pooled plants","post_inoc_pre_stress","True Sample"
"30","KSTRAW1428","T0","Shoot","R07I02W03",NA,"Time 0 DNA pooled leaves 10 mg",3,"2",7,"Pooled plants","post_inoc_pre_stress","True Sample"
"31","KSTRAW1192","T1","Shoot","R14I03W02",0.11697,"",2,"3",14,"","post_inoc_post_stress","True Sample"
"32","KSTRAW1156","T1","Shoot","R06I01W02",0.06678,"",2,"1",6,"","post_inoc_post_stress","True Sample"
"33","KSTRAW1069","T1","Shoot","R03I01W01",0.13967,"",1,"1",3,"P11","post_inoc_post_stress","True Sample"
"34","KSTRAW1347","T0","Shoot","R03I03W01",NA,"Time 0 DNA pooled leaves 10 mg",1,"3",3,"Pooled plants","post_inoc_pre_stress","True Sample"
"35","KSTRAW0914","T1","Root","R02I02W02",0.2001,"",2,"2",2,"","post_inoc_post_stress","True Sample"
"36","KSTRAW0937","T1","Root","R11I03W02",0.0244,"",2,"3",11,"","post_inoc_post_stress","True Sample"
"37","KSTRAW1265","T1","Shoot","R03I03W03",0.21487,"",3,"3",3,"","post_inoc_post_stress","True Sample"
"38","KSTRAW1462","","Control","",NA,"Empty Extraction Tube Control",NA,"",NA,"","DNA_neg","Control"
"39","KSTRAW1220","T1","Shoot","R14I05W02",0.04615,"",2,"5",14,"","post_inoc_post_stress","True Sample"
"40","KSTRAW1037","T1","Root","R13I04W03",0.0901,"",3,"4",13,"","post_inoc_post_stress","True Sample"
"41","KSTRAW1376","T0","Shoot","R04I01W02",NA,"Time 0 DNA pooled leaves 10 mg",2,"1",4,"Pooled plants","post_inoc_pre_stress","True Sample"
"42","KSTRAW0830","T1","Root","R02I02W01",0.255,"",1,"2",2,"","post_inoc_post_stress","True Sample"
"43","KSTRAW1083","T1","Shoot","R03I02W01",0.03754,"",1,"2",3,"","post_inoc_post_stress","True Sample"
"44","KSTRAW1247","T1","Shoot","R13I01W03",0.08311,"",3,"1",13,"","post_inoc_post_stress","True Sample"
"45","KSTRAW1389","T0","Shoot","R03I03W02",NA,"Time 0 DNA pooled leaves 10 mg",2,"3",3,"Pooled plants","post_inoc_pre_stress","True Sample"
"46","KSTRAW1441","T0","Shoot","R06I04W03",NA,"Time 0 DNA pooled leaves 10 mg",3,"4",6,"Pooled plants","post_inoc_pre_stress","True Sample"
"47","KSTRAW0901","T1","Root","R03I01W02",0.1755,"",2,"1",3,"","post_inoc_post_stress","True Sample"
"48","KSTRAW1024","T1","Root","R14I03W03",0.2545,"",3,"3",14,"","post_inoc_post_stress","True Sample"
"49","KSTRAW0980","T1","Root","R12I06W02",0.2348,"",2,"6",12,"","i6","Control"
"50","KSTRAW1467","","Control","",NA,"Empty Extraction Tube Control",NA,"",NA,"","DNA_neg","Control"
"51","KSTRAW0966","T1","Root","R12I05W02",0.2699,"",2,"5",12,"","post_inoc_post_stress","True Sample"
"52","KSTRAW1368","T0","Shoot","R03I06W01",NA,"Time 0 DNA pooled leaves 10 mg",1,"6",3,"Pooled plants","i6","Control"
"53","KSTRAW1100","T1","Shoot","R06I03W01",0.06631,"",1,"3",6,"P16","post_inoc_post_stress","True Sample"
"54","KSTRAW1429","T0","Shoot","R01I03W03",NA,"Time 0 DNA pooled leaves 10 mg",3,"3",1,"Pooled plants","post_inoc_pre_stress","True Sample"
"55","KSTRAW0826","T1","Root","R12I01W01",0.1895,"",1,"1",12,"","post_inoc_post_stress","True Sample"
"56","KSTRAW0975","T1","Root","R07I06W02",0.1993,"",2,"6",7,"","i6","Control"
"57","KSTRAW1357","T0","Shoot","R06I04W01",NA,"Time 0 DNA pooled leaves 10 mg",1,"4",6,"Pooled plants","post_inoc_pre_stress","True Sample"
"58","KSTRAW1196","T1","Shoot","R04I04W02",0.0805,"",2,"4",4,"","post_inoc_post_stress","True Sample"
"59","KSTRAW0993","T1","Root","R11I01W03",0.0684,"",3,"1",11,"","post_inoc_post_stress","True Sample"
"60","KSTRAW1213","T1","Shoot","R07I05W02",0.11751,"",2,"5",7,"","post_inoc_post_stress","True Sample"
"61","KSTRAW0974","T1","Root","R06I06W02",0.0774,"",2,"6",6,"","i6","Control"
"62","KSTRAW0932","T1","Root","R06I03W02",0.1768,"",2,"3",6,"","post_inoc_post_stress","True Sample"
"63","KSTRAW1039","T1","Root","R01I05W03",0.3213,"",3,"5",1,"P1","post_inoc_post_stress","True Sample"
"64","KSTRAW1020","T1","Root","R10I03W03",0.1469,"",3,"3",10,"","post_inoc_post_stress","True Sample"
"65","KSTRAW1170","T1","Shoot","R06I02W02",0.06068,"",2,"2",6,"","post_inoc_post_stress","True Sample"
"66","KSTRAW0860","T1","Root","R04I04W01",0.1201,"",1,"4",4,"","post_inoc_post_stress","True Sample"
"67","KSTRAW0878","T1","Root","R08I05W01",0.2768,"",1,"5",8,"P26","post_inoc_post_stress","True Sample"
"68","KSTRAW0022","Control","Root","",NA,"pre-inoc roots",NA,"Initi Ctl",6,"","pre_inoc","Control"
"69","KSTRAW1412","T0","Shoot","R05I06W02",NA,"Time 0 DNA pooled leaves 10 mg",2,"6",5,"Pooled plants","i6","Control"
"70","KSTRAW0832","T1","Root","R04I02W01",0.1804,"",1,"2",4,"","post_inoc_post_stress","True Sample"
"71","KSTRAW1451","T0","Shoot","R02I06W03",NA,"Time 0 DNA pooled leaves 10 mg",3,"6",2,"Pooled plants","i6","Control"
"72","KSTRAW0915","T1","Root","R03I02W02",0.1292,"",2,"2",3,"","post_inoc_post_stress","True Sample"
"73","KSTRAW1095","T1","Shoot","R01I03W01",0.02456,"",1,"3",1,"","post_inoc_post_stress","True Sample"
"74","KSTRAW1124","T1","Shoot","R02I05W01",0.03888,"",1,"5",2,"","post_inoc_post_stress","True Sample"
"75","KSTRAW0920","T1","Root","R08I02W02",0.19,"",2,"2",8,"","post_inoc_post_stress","True Sample"
"76","KSTRAW0833","T1","Shoot","R01I02W01",0.02123,"",1,"2",1,"","post_inoc_post_stress","True Sample"
"77","KSTRAW1404","T0","Shoot","R04I05W02",NA,"Time 0 DNA pooled leaves 10 mg",2,"5",4,"Pooled plants","post_inoc_pre_stress","True Sample"
"78","KSTRAW1158","T1","Shoot","R08I01W02",0.0748,"",2,"1",8,"","post_inoc_post_stress","True Sample"
"79","KSTRAW1254","T1","Shoot","R06I02W03",0.13644,"",3,"2",6,"","post_inoc_post_stress","True Sample"
"80","KSTRAW1195","T1","Shoot","R03I04W02",0.05928,"",2,"4",3,"","post_inoc_post_stress","True Sample"
"81","KSTRAW0021","Control","Root","",NA,"pre-inoc roots",NA,"Initi Ctl",5,"","pre_inoc","Control"
"82","KSTRAW1447","T0","Shoot","R05I05W03",NA,"Time 0 DNA pooled leaves 10 mg",3,"5",5,"Pooled plants","post_inoc_pre_stress","True Sample"
"84","KSTRAW1003","T1","Root","R07I02W03",0.2617,"",3,"2",7,"","post_inoc_post_stress","True Sample"
"85","KSTRAW1450","T0","Shoot","R01I06W03",NA,"Time 0 DNA pooled leaves 10 mg",3,"6",1,"Pooled plants","i6","Control"
"86","KSTRAW0844","T1","Root","R02I03W01",0.1038,"",1,"3",2,"","post_inoc_post_stress","True Sample"
"87","KSTRAW1259","T1","Shoot","R11I02W03",0.06933,"",3,"2",11,"","post_inoc_post_stress","True Sample"
"88","KSTRAW1054","T1","Root","R02I06W03",0.1016,"",3,"6",2,"","i6","Control"
"89","KSTRAW1466","","Control","",NA,"Empty Extraction Tube Control",NA,"",NA,"","DNA_neg","Control"
"90","KSTRAW0955","T1","Root","R01I05W02",0.3117,"",2,"5",1,"","post_inoc_post_stress","True Sample"
"91","KSTRAW1093","T1","Root","R14I02W01",0.2462,"",1,"2",14,"P29","post_inoc_post_stress","True Sample"
"92","KSTRAW1239","T1","Shoot","R05I01W03",0.0951,"",3,"1",5,"","post_inoc_post_stress","True Sample"
"93","KSTRAW1422","T0","Shoot","R01I02W03",NA,"Time 0 DNA pooled leaves 10 mg",3,"2",1,"Pooled plants","post_inoc_pre_stress","True Sample"
"94","KSTRAW1014","T1","Root","R04I03W03",0.0348,"",3,"3",4,"","post_inoc_post_stress","True Sample"
"95","KSTRAW1250","T1","Shoot","R02I02W03",0.073,"",3,"2",2,"","post_inoc_post_stress","True Sample"
"96","KSTRAW1113","T1","Shoot","R05I04W01",0.05321,"",1,"4",5,"","post_inoc_post_stress","True Sample"
"97","KSTRAW0946","T1","Root","R06I04W02",0.19,"",2,"4",6,"","post_inoc_post_stress","True Sample"
"98","KSTRAW0986","T1","Root","R04I01W03",0.1253,"",3,"1",4,"","post_inoc_post_stress","True Sample"
"99","KSTRAW0017","Control","Root","",NA,"pre-inoc roots",NA,"Initi Ctl",1,"","pre_inoc","Control"
"100","KSTRAW1154","T1","Shoot","R04I01W02",0.08585,"",2,"1",4,"","post_inoc_post_stress","True Sample"
"101","KSTRAW0908","T1","Root","R10I01W02",0.0646,"",2,"1",10,"","post_inoc_post_stress","True Sample"
"102","KSTRAW1277","T1","Shoot","R01I04W03",0.0752,"",3,"4",1,"","post_inoc_post_stress","True Sample"
"103","KSTRAW0956","T1","Root","R02I05W02",0.2302,"",2,"5",2,"","post_inoc_post_stress","True Sample"
"104","KSTRAW1312","T1","Shoot","R08I06W03",0.1977,"",3,"6",8,"","i6","Control"
"105","KSTRAW1172","T1","Shoot","R08I02W02",0.10557,"",2,"2",8,"","post_inoc_post_stress","True Sample"
"106","KSTRAW1452","T0","Shoot","R03I06W03",NA,"Time 0 DNA pooled leaves 10 mg",3,"6",3,"Pooled plants","i6","Control"
"107","KSTRAW1120","T1","Shoot","R12I04W01",0.04325,"",1,"4",12,"","post_inoc_post_stress","True Sample"
"108","KSTRAW1029","T1","Root","R05I04W03",0.2467,"",3,"4",5,"","post_inoc_post_stress","True Sample"
"109","KSTRAW0936","T1","Root","R10I03W02",0.1985,"",2,"3",10,"P35","post_inoc_post_stress","True Sample"
"110","KSTRAW1324","Control","Inoculum 6","R00I06W00",NA,"Inocolum 6-water from MQ (in lab) rep 1",NA,"InitialSource",NA,"","di_water","Control"
"111","KSTRAW1234","T1","Shoot","R14I06W02",0.03929,"",2,"6",14,"","i6","Control"
"112","KSTRAW1337","T0","Shoot","R07I01W01",NA,"Time 0 DNA pooled leaves 10 mg",1,"1",7,"Pooled plants","post_inoc_pre_stress","True Sample"
"113","KSTRAW1276","T1","Shoot","R14I03W03",0.10435,"",3,"3",14,"","post_inoc_post_stress","True Sample"
"114","KSTRAW1336","T0","Shoot","R06I01W01",NA,"Time 0 DNA pooled leaves 10 mg",1,"1",6,"Pooled plants","post_inoc_pre_stress","True Sample"
"115","KSTRAW1430","T0","Shoot","R02I03W03",NA,"Time 0 DNA pooled leaves 10 mg",3,"3",2,"Pooled plants","post_inoc_pre_stress","True Sample"
"116","KSTRAW0861","T1","Root","R05I04W01",0.1131,"",1,"4",5,"","post_inoc_post_stress","True Sample"
"117","KSTRAW0961","T1","Root","R07I05W02",0.3449,"",2,"5",7,"","post_inoc_post_stress","True Sample"
"118","KSTRAW0827","T1","Root","R13I01W01",0.2464,"",1,"1",13,"P19","post_inoc_post_stress","True Sample"
"119","KSTRAW1273","T1","Shoot","R11I03W03",0.19038,"",3,"3",11,"","post_inoc_post_stress","True Sample"
"120","KSTRAW1426","T0","Shoot","R05I02W03",NA,"Time 0 DNA pooled leaves 10 mg",3,"2",5,"Pooled plants","post_inoc_pre_stress","True Sample"
"121","KSTRAW1268","T1","Shoot","R06I03W03",0.0172,"",3,"3",6,"","post_inoc_post_stress","True Sample"
"122","KSTRAW1119","T1","Shoot","R11I04W01",0.05517,"",1,"4",11,"","post_inoc_post_stress","True Sample"
"123","KSTRAW0884","T1","Root","R14I05W01",0.14917,"",1,"5",14,"","post_inoc_post_stress","True Sample"
"124","KSTRAW1242","T1","Shoot","R08I01W03",0.16213,"",3,"1",8,"P8","post_inoc_post_stress","True Sample"
"125","KSTRAW0825","T1","Root","R11I01W01",0.1303,"",1,"1",11,"","post_inoc_post_stress","True Sample"
"126","KSTRAW1185","T1","Shoot","R07I03W02",0.09526,"",2,"3",7,"","post_inoc_post_stress","True Sample"
"127","KSTRAW1136","T1","Shoot","R14I05W01",0.096,"",1,"5",14,"","post_inoc_post_stress","True Sample"
"128","KSTRAW1432","T0","Shoot","R04I03W03",NA,"Time 0 DNA pooled leaves 10 mg",3,"3",4,"Pooled plants","post_inoc_pre_stress","True Sample"
"129","KSTRAW1395","T0","Shoot","R02I04W02",NA,"Time 0 DNA pooled leaves 10 mg",2,"4",2,"Pooled plants","post_inoc_pre_stress","True Sample"
"130","KSTRAW0862","T1","Root","R06I04W01",0.0451,"",1,"4",6,"","post_inoc_post_stress","True Sample"
"131","KSTRAW0959","T1","Root","R05I05W02",0.3329,"",2,"5",5,"","post_inoc_post_stress","True Sample"
"132","KSTRAW1416","T0","Shoot","R02I01W03",NA,"Time 0 DNA pooled leaves 10 mg",3,"1",2,"Pooled plants","post_inoc_pre_stress","True Sample"
"133","KSTRAW1173","T1","Shoot","R09I02W02",0.06823,"",2,"2",9,"P34","post_inoc_post_stress","True Sample"
"134","KSTRAW1148","T1","Shoot","R12I06W01",0.02643,"",1,"6",12,"","i6","Control"
"135","KSTRAW0839","T1","Shoot","R07I02W01",0.04715,"",1,"2",7,"","post_inoc_post_stress","True Sample"
"136","KSTRAW0952","T1","Root","R12I04W02",0.2795,"",2,"4",12,"","post_inoc_post_stress","True Sample"
"137","KSTRAW1116","T1","Shoot","R08I04W01",0.04849,"",1,"4",8,"","post_inoc_post_stress","True Sample"
"138","KSTRAW0947","T1","Root","R07I04W02",0.2678,"",2,"4",7,"","post_inoc_post_stress","True Sample"
"139","KSTRAW0921","T1","Root","R09I02W02",0.1606,"",2,"2",9,"P34","post_inoc_post_stress","True Sample"
"140","KSTRAW0942","T1","Root","R02I04W02",0.3252,"",2,"4",2,"","post_inoc_post_stress","True Sample"
"141","KSTRAW0843","T1","Root","R01I03W01",0.0511,"",1,"3",1,"","post_inoc_post_stress","True Sample"
"142","KSTRAW1338","T0","Shoot","R01I02W01",NA,"Time 0 DNA pooled leaves 10 mg",1,"2",1,"Pooled plants","post_inoc_pre_stress","True Sample"
"143","KSTRAW0953","T1","Root","R13I04W02",0.0655,"",2,"4",13,"","post_inoc_post_stress","True Sample"
"144","KSTRAW1315","T1","Shoot","R11I06W03",0.11553,"",3,"6",11,"","i6","Control"
"145","KSTRAW1065","T1","Root","R13I06W03",0.15774,"",3,"6",13,"","i6","Control"
"146","KSTRAW1443","T0","Shoot","R01I05W03",NA,"Time 0 DNA pooled leaves 10 mg",3,"5",1,"Pooled plants","post_inoc_pre_stress","True Sample"
"147","KSTRAW1102","T1","Shoot","R08I03W01",0.12361,"",1,"3",8,"","post_inoc_post_stress","True Sample"
"148","KSTRAW1433","T0","Shoot","R05I03W03",NA,"Time 0 DNA pooled leaves 10 mg",3,"3",5,"Pooled plants","post_inoc_pre_stress","True Sample"
"149","KSTRAW1431","T0","Shoot","R03I03W03",NA,"Time 0 DNA pooled leaves 10 mg",3,"3",3,"Pooled plants","post_inoc_pre_stress","True Sample"
"150","KSTRAW0918","T1","Root","R06I02W02",0.1001,"",2,"2",6,"","post_inoc_post_stress","True Sample"
"151","KSTRAW1174","T1","Shoot","R10I02W02",0.12164,"",2,"2",10,"","post_inoc_post_stress","True Sample"
"152","KSTRAW1180","T1","Shoot","R02I03W02",0.06067,"",2,"3",2,"","post_inoc_post_stress","True Sample"
"153","KSTRAW0821","T1","Root","R07I01W01",0.0334,"",1,"1",7,"","post_inoc_post_stress","True Sample"
"154","KSTRAW1251","T1","Shoot","R03I02W03",0.0887,"",3,"2",3,"","post_inoc_post_stress","True Sample"
"155","KSTRAW1207","T1","Shoot","R01I05W02",0.19355,"",2,"5",1,"","post_inoc_post_stress","True Sample"
"156","KSTRAW1354","T0","Shoot","R03I04W01",NA,"Time 0 DNA pooled leaves 10 mg",1,"4",3,"Pooled plants","post_inoc_pre_stress","True Sample"
"157","KSTRAW1302","T1","Shoot","R12I05W03",0.08504,"",3,"5",12,"","post_inoc_post_stress","True Sample"
"158","KSTRAW0859","T1","Root","R03I04W01",0.1443,"",1,"4",3,"P12","post_inoc_post_stress","True Sample"
"159","KSTRAW0950","T1","Root","R10I04W02",0.2957,"",2,"4",10,"","post_inoc_post_stress","True Sample"
"160","KSTRAW1155","T1","Shoot","R05I01W02",0.10794,"",2,"1",5,"","post_inoc_post_stress","True Sample"
"161","KSTRAW1190","T1","Shoot","R12I03W02",0.13861,"",2,"3",12,"","post_inoc_post_stress","True Sample"
"162","KSTRAW1111","T1","Shoot","R03I04W01",0.0609,"",1,"4",3,"P12","post_inoc_post_stress","True Sample"
"163","KSTRAW1262","T1","Shoot","R14I02W03",0.20596,"",3,"2",14,"","post_inoc_post_stress","True Sample"
"164","KSTRAW1377","T0","Shoot","R05I01W02",NA,"Time 0 DNA pooled leaves 10 mg",2,"1",5,"Pooled plants","post_inoc_pre_stress","True Sample"
"165","KSTRAW1108","T1","Shoot","R14I03W01",0.05884,"",1,"3",14,"","post_inoc_post_stress","True Sample"
"166","KSTRAW0931","T1","Root","R05I03W02",0.1155,"",2,"3",5,"","post_inoc_post_stress","True Sample"
"167","KSTRAW1214","T1","Shoot","R08I05W02",0.02168,"",2,"5",8,"","post_inoc_post_stress","True Sample"
"168","KSTRAW1011","T1","Root","R01I03W03",0.1796,"",3,"3",1,"","post_inoc_post_stress","True Sample"
"169","KSTRAW0916","T1","Root","R04I02W02",0.2845,"",2,"2",4,"","post_inoc_post_stress","True Sample"
"170","KSTRAW1203","T1","Shoot","R11I04W02",0.12263,"",2,"4",11,"","post_inoc_post_stress","True Sample"
"171","KSTRAW1168","T1","Shoot","R04I02W02",0.15066,"",2,"2",4,"","post_inoc_post_stress","True Sample"
"172","KSTRAW0846","T1","Root","R04I03W01",0.2621,"4 was duplicated, either rep 5 or 7",1,"3",4,"","post_inoc_post_stress","True Sample"
"173","KSTRAW1160","T1","Shoot","R10I01W02",0.03573,"",2,"1",10,"","post_inoc_post_stress","True Sample"
"174","KSTRAW1018","T1","Root","R08I03W03",0.1696,"",3,"3",8,"","post_inoc_post_stress","True Sample"
"175","KSTRAW1344","T0","Shoot","R07I02W01",NA,"Time 0 DNA pooled leaves 10 mg",1,"2",7,"Pooled plants","post_inoc_pre_stress","True Sample"
"176","KSTRAW1044","T1","Root","R06I05W03",0.2015,"",3,"5",6,"","post_inoc_post_stress","True Sample"
"177","KSTRAW1019","T1","Root","R09I03W03",0.1078,"",3,"3",9,"","post_inoc_post_stress","True Sample"
"178","KSTRAW1028","T1","Root","R04I04W03",0.0262,"",3,"4",4,"","post_inoc_post_stress","True Sample"
"179","KSTRAW0819","T1","Root","R05I01W01",0.1729,"",1,"1",5,"","post_inoc_post_stress","True Sample"
"180","KSTRAW0009","Control","Shoot","",NA,"pre-inoc shoots",NA,"Initi Ctl",3,"","pre_inoc","Control"
"181","KSTRAW1269","T1","Shoot","R07I03W03",0.04562,"",3,"3",7,"","post_inoc_post_stress","True Sample"
"182","KSTRAW0912","T1","Root","R14I01W02",0.1932,"",2,"1",14,"","post_inoc_post_stress","True Sample"
"183","KSTRAW1340","T0","Shoot","R03I02W01",NA,"Time 0 DNA pooled leaves 10 mg",1,"2",3,"Pooled plants","post_inoc_pre_stress","True Sample"
"184","KSTRAW1052","T1","Root","R14I05W03",0.2261,"",3,"5",14,"","post_inoc_post_stress","True Sample"
"185","KSTRAW0024","Control","Root","",NA,"pre-inoc roots",NA,"Initi Ctl",8,"","pre_inoc","Control"
"186","KSTRAW1041","T1","Root","R03I05W03",0.1751,"",3,"5",3,"","post_inoc_post_stress","True Sample"
"187","KSTRAW0941","T1","Root","R01I04W02",0.1938,"",2,"4",1,"","post_inoc_post_stress","True Sample"
"189","KSTRAW1200","T1","Shoot","R08I04W02",0.09466,"",2,"4",8,"","post_inoc_post_stress","True Sample"
"190","KSTRAW1305","T1","Shoot","R01I06W03",0.21841,"",3,"6",1,"","i6","Control"
"191","KSTRAW0999","T1","Root","R03I02W03",0.1772,"",3,"2",3,"","post_inoc_post_stress","True Sample"
"192","KSTRAW0836","T1","Root","R06I02W01",0.2493,"",1,"2",6,"","post_inoc_post_stress","True Sample"
"193","KSTRAW1221","T1","Shoot","R01I06W02",0.02128,"",2,"6",1,"","i6","Control"
"194","KSTRAW0960","T1","Root","R06I05W02",0.2922,"",2,"5",6,"","post_inoc_post_stress","True Sample"
"195","KSTRAW1360","T0","Shoot","R02I05W01",NA,"Time 0 DNA pooled leaves 10 mg",1,"5",2,"Pooled plants","post_inoc_pre_stress","True Sample"
"196","KSTRAW0868","T1","Root","R12I04W01",0.0785,"",1,"4",12,"","post_inoc_post_stress","True Sample"
"197","KSTRAW1459","","Control","",NA,"Empty Extraction Tube Control",NA,"",NA,"","DNA_neg","Control"
"198","KSTRAW0880","T1","Root","R10I05W01",0.3801,"",1,"5",10,"P21","post_inoc_post_stress","True Sample"
"199","KSTRAW1057","T1","Root","R05I06W03",0.10409,"",3,"6",5,"","i6","Control"
"200","KSTRAW0864","T1","Root","R08I04W01",0.1217,"",1,"4",8,"","post_inoc_post_stress","True Sample"
"201","KSTRAW0847","T1","Root","R05I03W01",0.0304,"labeled as number 4",1,"3",5,"P10","post_inoc_post_stress","True Sample"
"202","KSTRAW1209","T1","Shoot","R03I05W02",0.07572,"",2,"5",3,"","post_inoc_post_stress","True Sample"
"203","KSTRAW1334","T0","Shoot","R04I01W01",NA,"Time 0 DNA pooled leaves 10 mg",1,"1",4,"Pooled plants","post_inoc_pre_stress","True Sample"
"204","KSTRAW0881","T1","Root","R11I05W01",0.41185,"",1,"5",11,"P20","post_inoc_post_stress","True Sample"
"205","KSTRAW1240","T1","Shoot","R06I01W03",0.10046,"",3,"1",6,"","post_inoc_post_stress","True Sample"
"206","KSTRAW1246","T1","Shoot","R12I01W03",0.0645,"",3,"1",12,"","post_inoc_post_stress","True Sample"
"207","KSTRAW1179","T1","Shoot","R01I03W02",0.1107,"",2,"3",1,"","post_inoc_post_stress","True Sample"
"208","KSTRAW0922","T1","Root","R10I02W02",0.1743,"",2,"2",10,"","post_inoc_post_stress","True Sample"
"209","KSTRAW1089","T1","Root","R12I02W01",0.0708,"",1,"2",12,"","post_inoc_post_stress","True Sample"
"210","KSTRAW1435","T0","Shoot","R07I03W03",NA,"Time 0 DNA pooled leaves 10 mg",3,"3",7,"Pooled plants","post_inoc_pre_stress","True Sample"
"211","KSTRAW1414","T0","Shoot","R07I06W02",NA,"Time 0 DNA pooled leaves 10 mg",2,"6",7,"Pooled plants","i6","Control"
"212","KSTRAW1309","T1","Shoot","R05I06W03",0.14579,"",3,"6",5,"","i6","Control"
"213","KSTRAW0834","T1","Root","R05I02W01",0.0617,"",1,"2",5,"","post_inoc_post_stress","True Sample"
"214","KSTRAW1260","T1","Shoot","R12I02W03",0.05783,"",3,"2",12,"","post_inoc_post_stress","True Sample"
"215","KSTRAW1245","T1","Shoot","R11I01W03",0.08215,"",3,"1",11,"","post_inoc_post_stress","True Sample"
"216","KSTRAW0967","T1","Root","R13I05W02",0.2141,"",2,"5",13,"","post_inoc_post_stress","True Sample"
"217","KSTRAW1097","T1","Shoot","R03I03W01",0.0518,"",1,"3",3,"","post_inoc_post_stress","True Sample"
"218","KSTRAW1386","T0","Shoot","R07I02W02",NA,"Time 0 DNA pooled leaves 10 mg",2,"2",7,"Pooled plants","post_inoc_pre_stress","True Sample"
"219","KSTRAW1032","T1","Root","R08I04W03",0.2421,"",3,"4",8,"","post_inoc_post_stress","True Sample"
"220","KSTRAW1322","Control","Inoculum 4","R00I04W00",NA,"Inocolum 4-drum.up rep 1",NA,"InitialSource",NA,"","slurry","True Sample"
"221","KSTRAW0842","T1","Root","R09I02W01",0.2546,"",1,"2",9,"P25","post_inoc_post_stress","True Sample"
"222","KSTRAW0010","Control","Shoot","",NA,"pre-inoc shoots",NA,"Initi Ctl",4,"","pre_inoc","Control"
"223","KSTRAW1118","T1","Shoot","R10I04W01",0.03205,"",1,"4",10,"","post_inoc_post_stress","True Sample"
"224","KSTRAW1241","T1","Shoot","R07I01W03",0.03203,"",3,"1",7,"","post_inoc_post_stress","True Sample"
"225","KSTRAW0910","T1","Root","R12I01W02",0.0634,"",2,"1",12,"","post_inoc_post_stress","True Sample"
"226","KSTRAW0018","Control","Root","",NA,"pre-inoc roots",NA,"Initi Ctl",2,"","pre_inoc","Control"
"227","KSTRAW1121","T1","Shoot","R13I04W01",0.14588,"",1,"4",13,"","post_inoc_post_stress","True Sample"
"228","KSTRAW1013","T1","Root","R03I03W03",0.2631,"",3,"3",3,"","post_inoc_post_stress","True Sample"
"229","KSTRAW1384","T0","Shoot","R05I02W02",NA,"Time 0 DNA pooled leaves 10 mg",2,"2",5,"Pooled plants","post_inoc_pre_stress","True Sample"
"230","KSTRAW1383","T0","Shoot","R04I02W02",NA,"Time 0 DNA pooled leaves 10 mg",2,"2",4,"Pooled plants","post_inoc_pre_stress","True Sample"
"231","KSTRAW1123","T1","Shoot","R01I05W01",0.07689,"",1,"5",1,"P14","post_inoc_post_stress","True Sample"
"233","KSTRAW1427","T0","Shoot","R06I02W03",NA,"Time 0 DNA pooled leaves 10 mg",3,"2",6,"Pooled plants","post_inoc_pre_stress","True Sample"
"234","KSTRAW1271","T1","Shoot","R09I03W03",0.09311,"",3,"3",9,"","post_inoc_post_stress","True Sample"
"235","KSTRAW0954","T1","Root","R14I04W02",0.2658,"",2,"4",14,"","post_inoc_post_stress","True Sample"
"236","KSTRAW1407","T0","Shoot","R07I05W02",NA,"Time 0 DNA pooled leaves 10 mg",2,"5",7,"Pooled plants","post_inoc_pre_stress","True Sample"
"237","KSTRAW1465","","Control","",NA,"Empty Extraction Tube Control",NA,"",NA,"","DNA_neg","Control"
"238","KSTRAW0855","T1","Root","R13I03W01",0.3581,"",1,"3",13,"P22","post_inoc_post_stress","True Sample"
"239","KSTRAW0853","T1","Root","R11I03W01",0.0301,"no sample saved",1,"3",11,"","post_inoc_post_stress","True Sample"
"240","KSTRAW1463","","Control","",NA,"Empty Extraction Tube Control",NA,"",NA,"","DNA_neg","Control"
"241","KSTRAW1316","T1","Shoot","R12I06W03",0.16597,"",3,"6",12,"","i6","Control"
"242","KSTRAW0968","T1","Root","R14I05W02",0.1139,"",2,"5",14,"","post_inoc_post_stress","True Sample"
"243","KSTRAW0925","T1","Root","R13I02W02",0.1971,"",2,"2",13,"P32","post_inoc_post_stress","True Sample"
"244","KSTRAW1062","T1","Root","R10I06W03",0.17279,"",3,"6",10,"","i6","Control"
"245","KSTRAW1288","T1","Shoot","R12I04W03",0.18302,"",3,"4",12,"","post_inoc_post_stress","True Sample"
"246","KSTRAW1439","T0","Shoot","R04I04W03",NA,"Time 0 DNA pooled leaves 10 mg",3,"4",4,"Pooled plants","post_inoc_pre_stress","True Sample"
"247","KSTRAW1292","T1","Shoot","R02I05W03",0.07397,"",3,"5",2,"","post_inoc_post_stress","True Sample"
"248","KSTRAW1131","T1","Shoot","R09I05W01",0.06807,"",1,"5",9,"","post_inoc_post_stress","True Sample"
"249","KSTRAW0865","T1","Root","R09I04W01",0.2347,"",1,"4",9,"","post_inoc_post_stress","True Sample"
"250","KSTRAW0014","Control","Shoot","",NA,"pre-inoc shoots",NA,"Initi Ctl",8,"","pre_inoc","Control"
"251","KSTRAW1211","T1","Shoot","R05I05W02",0.1547,"",2,"5",5,"","post_inoc_post_stress","True Sample"
"252","KSTRAW1289","T1","Shoot","R13I04W03",0.10494,"",3,"4",13,"","post_inoc_post_stress","True Sample"
"253","KSTRAW1279","T1","Shoot","R03I04W03",0.04257,"",3,"4",3,"","post_inoc_post_stress","True Sample"
"254","KSTRAW0987","T1","Root","R05I01W03",0.1012,"",3,"1",5,"","post_inoc_post_stress","True Sample"
"255","KSTRAW0973","T1","Root","R05I06W02",0.2773,"",2,"6",5,"","i6","Control"
"256","KSTRAW1000","T1","Root","R04I02W03",0.3069,"",3,"2",4,"P4","post_inoc_post_stress","True Sample"
"257","KSTRAW1408","T0","Shoot","R01I06W02",NA,"Time 0 DNA pooled leaves 10 mg",2,"6",1,"Pooled plants","i6","Control"
"258","KSTRAW1381","T0","Shoot","R02I02W02",NA,"Time 0 DNA pooled leaves 10 mg",2,"2",2,"Pooled plants","post_inoc_pre_stress","True Sample"
"259","KSTRAW0909","T1","Root","R11I01W02",0.2615,"",2,"1",11,"","post_inoc_post_stress","True Sample"
"260","KSTRAW1078","T1","Shoot","R12I01W01",0.08811,"",1,"1",12,"","post_inoc_post_stress","True Sample"
"261","KSTRAW1460","","Control","",NA,"Empty Extraction Tube Control",NA,"",NA,"","DNA_neg","Control"
"262","KSTRAW1163","T1","Shoot","R13I01W02",0.03182,"",2,"1",13,"","post_inoc_post_stress","True Sample"
"263","KSTRAW1346","T0","Shoot","R02I03W01",NA,"Time 0 DNA pooled leaves 10 mg",1,"3",2,"Pooled plants","post_inoc_pre_stress","True Sample"
"264","KSTRAW1098","T1","Shoot","R04I03W01",0.02255,"0.08067 * could be #5 or 7, orange taped",1,"3",4,"","post_inoc_post_stress","True Sample"
"265","KSTRAW1461","","Control","",NA,"Empty Extraction Tube Control",NA,"",NA,"","DNA_neg","Control"
"266","KSTRAW0911","T1","Root","R13I01W02",0.0156,"no sample saved",2,"1",13,"","post_inoc_post_stress","True Sample"
"267","KSTRAW1202","T1","Shoot","R10I04W02",0.2487,"",2,"4",10,"","post_inoc_post_stress","True Sample"
"268","KSTRAW0871","T1","Root","R01I05W01",0.2357,"",1,"5",1,"P14","post_inoc_post_stress","True Sample"
"269","KSTRAW0822","T1","Root","R08I01W01",0.1349,"",1,"1",8,"","post_inoc_post_stress","True Sample"
"270","KSTRAW0899","T1","Root","R01I01W02",0.1108,"",2,"1",1,"","post_inoc_post_stress","True Sample"
"271","KSTRAW0972","T1","Root","R04I06W02",0.3016,"",2,"6",4,"","i6","Control"
"272","KSTRAW1320","Control","Inoculum 2","R00I02W00",NA,"Inocolum 2-falls rep 1",NA,"InitialSource",NA,"","slurry","True Sample"
"273","KSTRAW1455","T0","Shoot","R06I06W03",NA,"Time 0 DNA pooled leaves 10 mg",3,"6",6,"Pooled plants","i6","Control"
"274","KSTRAW1035","T1","Root","R11I04W03",0.2909,"",3,"4",11,"","post_inoc_post_stress","True Sample"
"275","KSTRAW0923","T1","Root","R11I02W02",0.1387,"",2,"2",11,"","post_inoc_post_stress","True Sample"
"276","KSTRAW0939","T1","Root","R13I03W02",0.1067,"",2,"3",13,"","post_inoc_post_stress","True Sample"
"277","KSTRAW1129","T1","Shoot","R07I05W01",0.12802,"",1,"5",7,"P13","post_inoc_post_stress","True Sample"
"278","KSTRAW0838","T1","Root","R07I02W01",0.0884,"",1,"2",7,"","post_inoc_post_stress","True Sample"
"279","KSTRAW1255","T1","Shoot","R07I02W03",0.16668,"",3,"2",7,"","post_inoc_post_stress","True Sample"
"280","KSTRAW1130","T1","Shoot","R08I05W01",0.10791,"",1,"5",8,"P26","post_inoc_post_stress","True Sample"
"281","KSTRAW0026","Control","Root","",NA,"pre-inoc roots",NA,"Initi Ctl",10,"","pre_inoc","Control"
"282","KSTRAW0883","T1","Root","R13I05W01",0.05383,"",1,"5",13,"","post_inoc_post_stress","True Sample"
"284","KSTRAW0025","Control","Root","",NA,"pre-inoc roots",NA,"Initi Ctl",9,"","pre_inoc","Control"
"285","KSTRAW1193","T1","Shoot","R01I04W02",0.14117,"",2,"4",1,"","post_inoc_post_stress","True Sample"
"287","KSTRAW0845","T1","Root","R03I03W01",0.2043,"",1,"3",3,"","post_inoc_post_stress","True Sample"
"288","KSTRAW0820","T1","Root","R06I01W01",0.1321,"",1,"1",6,"","post_inoc_post_stress","True Sample"
"289","KSTRAW1350","T0","Shoot","R06I03W01",NA,"Time 0 DNA pooled leaves 10 mg",1,"3",6,"Pooled plants","post_inoc_pre_stress","True Sample"
"290","KSTRAW1215","T1","Shoot","R09I05W02",0.11503,"",2,"5",9,"P31","post_inoc_post_stress","True Sample"
"291","KSTRAW1186","T1","Shoot","R08I03W02",0.02274,"",2,"3",8,"","post_inoc_post_stress","True Sample"
"292","KSTRAW1374","T0","Shoot","R02I01W02",NA,"Time 0 DNA pooled leaves 10 mg",2,"1",2,"Pooled plants","post_inoc_pre_stress","True Sample"
"293","KSTRAW0958","T1","Root","R04I05W02",0.3142,"",2,"5",4,"","post_inoc_post_stress","True Sample"
"294","KSTRAW1294","T1","Shoot","R04I05W03",0.07003,"",3,"5",4,"P3","post_inoc_post_stress","True Sample"
"295","KSTRAW1353","T0","Shoot","R02I04W01",NA,"Time 0 DNA pooled leaves 10 mg",1,"4",2,"Pooled plants","post_inoc_pre_stress","True Sample"
"296","KSTRAW1379","T0","Shoot","R07I01W02",NA,"Time 0 DNA pooled leaves 10 mg",2,"1",7,"Pooled plants","post_inoc_pre_stress","True Sample"
"297","KSTRAW0850","T1","Root","R08I03W01",0.2615,"",1,"3",8,"","post_inoc_post_stress","True Sample"
"298","KSTRAW0824","T1","Root","R10I01W01",0.0696,"",1,"1",10,"","post_inoc_post_stress","True Sample"
"299","KSTRAW0969","T1","Root","R01I06W02",0.0484,"",2,"6",1,"","i6","Control"
"300","KSTRAW1290","T1","Shoot","R14I04W03",0.1305,"",3,"4",14,"P7=P6-2","post_inoc_post_stress","True Sample"
"301","KSTRAW1191","T1","Shoot","R13I03W02",0.09997,"",2,"3",13,"","post_inoc_post_stress","True Sample"
"302","KSTRAW1079","T1","Shoot","R13I01W01",0.12888,"",1,"1",13,"P19","post_inoc_post_stress","True Sample"
"303","KSTRAW1137","T1","Shoot","R01I06W01",0.08892,"",1,"6",1,"","i6","Control"
"304","KSTRAW1104","T1","Shoot","R10I03W01",0.04842,"",1,"3",10,"","post_inoc_post_stress","True Sample"
"305","KSTRAW0852","T1","Root","R10I03W01",0.1227,"",1,"3",10,"","post_inoc_post_stress","True Sample"
"306","KSTRAW0019","Control","Root","",NA,"pre-inoc roots",NA,"Initi Ctl",3,"","pre_inoc","Control"
"307","KSTRAW1099","T1","Shoot","R05I03W01",NA,"",1,"3",5,"P10","post_inoc_post_stress","True Sample"
"308","KSTRAW0866","T1","Root","R10I04W01",0.0445,"",1,"4",10,"","post_inoc_post_stress","True Sample"
"309","KSTRAW1058","T1","Root","R06I06W03",0.0364,"",3,"6",6,"","i6","Control"
"310","KSTRAW1458","","Control","",NA,"Empty Extraction Tube Control",NA,"",NA,"","DNA_neg","Control"
"311","KSTRAW1021","T1","Root","R11I03W03",0.237,"",3,"3",11,"","post_inoc_post_stress","True Sample"
"312","KSTRAW1261","T1","Shoot","R13I02W03",0.09005,"",3,"2",13,"","post_inoc_post_stress","True Sample"
"313","KSTRAW1171","T1","Shoot","R07I02W02",0.1211,"",2,"2",7,"","post_inoc_post_stress","True Sample"
"314","KSTRAW1369","T0","Shoot","R04I06W01",NA,"Time 0 DNA pooled leaves 10 mg",1,"6",4,"Pooled plants","i6","Control"
"315","KSTRAW1199","T1","Shoot","R07I04W02",0.11929,"",2,"4",7,"","post_inoc_post_stress","True Sample"
"316","KSTRAW1144","T1","Shoot","R08I06W01",0.13651,"",1,"6",8,"","i6","Control"
"317","KSTRAW1225","T1","Shoot","R05I06W02",0.09411,"",2,"6",5,"","i6","Control"
"318","KSTRAW1453","T0","Shoot","R04I06W03",NA,"Time 0 DNA pooled leaves 10 mg",3,"6",4,"Pooled plants","i6","Control"
"319","KSTRAW1073","T1","Shoot","R07I01W01",0.01929,"",1,"1",7,"","post_inoc_post_stress","True Sample"
"320","KSTRAW1332","T0","Shoot","R02I01W01",NA,"Time 0 DNA pooled leaves 10 mg",1,"1",2,"Pooled plants","post_inoc_pre_stress","True Sample"
"321","KSTRAW1299","T1","Shoot","R09I05W03",0.06912,"",3,"5",9,"","post_inoc_post_stress","True Sample"
"322","KSTRAW1064","T1","Root","R12I06W03",0.1276,"",3,"6",12,"","i6","Control"
"323","KSTRAW0962","T1","Root","R08I05W02",0.0496,"",2,"5",8,"","post_inoc_post_stress","True Sample"
"324","KSTRAW1448","T0","Shoot","R06I05W03",NA,"Time 0 DNA pooled leaves 10 mg",3,"5",6,"Pooled plants","post_inoc_pre_stress","True Sample"
"325","KSTRAW1425","T0","Shoot","R04I02W03",NA,"Time 0 DNA pooled leaves 10 mg",3,"2",4,"Pooled plants","post_inoc_pre_stress","True Sample"
"326","KSTRAW1231","T1","Shoot","R11I06W02",0.0845,"",2,"6",11,"","i6","Control"
"327","KSTRAW0898","T1","Root","R14I06W01",0.1261,"",1,"6",14,"","i6","Control"
"328","KSTRAW1304","T1","Shoot","R14I05W03",0.11779,"",3,"5",14,"","post_inoc_post_stress","True Sample"
"329","KSTRAW1410","T0","Shoot","R03I06W02",NA,"Time 0 DNA pooled leaves 10 mg",2,"6",3,"Pooled plants","i6","Control"
"330","KSTRAW1023","T1","Root","R13I03W03",0.1787,"",3,"3",13,"","post_inoc_post_stress","True Sample"
"331","KSTRAW1188","T1","Shoot","R10I03W02",0.10915,"",2,"3",10,"P35","post_inoc_post_stress","True Sample"
"332","KSTRAW1469","","Control","",NA,"Empty Extraction Tube Control",NA,"",NA,"","DNA_neg","Control"
"333","KSTRAW1002","T1","Root","R06I02W03",0.1533,"",3,"2",6,"","post_inoc_post_stress","True Sample"
"334","KSTRAW1068","T1","Shoot","R02I01W01",0.03668,"",1,"1",2,"","post_inoc_post_stress","True Sample"
"335","KSTRAW1274","T1","Shoot","R12I03W03",0.10796,"",3,"3",12,"","post_inoc_post_stress","True Sample"
"336","KSTRAW0903","T1","Root","R05I01W02",0.2316,"",2,"1",5,"","post_inoc_post_stress","True Sample"
"337","KSTRAW1094","T1","Shoot","R14I02W01",0.16986,"",1,"2",14,"P29","post_inoc_post_stress","True Sample"
"338","KSTRAW0917","T1","Root","R05I02W02",0.1714,"",2,"2",5,"","post_inoc_post_stress","True Sample"
"339","KSTRAW1317","T1","Shoot","R13I06W03",0.17223,"",3,"6",13,"","i6","Control"
"340","KSTRAW1061","T1","Root","R09I06W03",0.1127,"",3,"6",9,"","i6","Control"
"341","KSTRAW0930","T1","Root","R04I03W02",0.1819,"",2,"3",4,"","post_inoc_post_stress","True Sample"
"342","KSTRAW1311","T1","Shoot","R07I06W03",0.11415,"",3,"6",7,"","i6","Control"
"343","KSTRAW1107","T1","Shoot","R13I03W01",0.10096,"",1,"3",13,"P22","post_inoc_post_stress","True Sample"
"344","KSTRAW1385","T0","Shoot","R06I02W02",NA,"Time 0 DNA pooled leaves 10 mg",2,"2",6,"Pooled plants","post_inoc_pre_stress","True Sample"
"345","KSTRAW0913","T1","Root","R01I02W02",0.1993,"",2,"2",1,"","post_inoc_post_stress","True Sample"
"346","KSTRAW0926","T1","Root","R14I02W02",0.1898,"",2,"2",14,"","post_inoc_post_stress","True Sample"
"347","KSTRAW1330","Control","Inoculum 6","R00I06W00",NA,"Inocolum 6-water from MQ (in lab) rep 2",NA,"InitialSource",NA,"","di_water","Control"
"348","KSTRAW0897","T1","Root","R13I06W01",0.1912,"",1,"6",13,"","i6","Control"
"349","KSTRAW1086","T1","Shoot","R10I02W01",0.12211,"",1,"2",10,"P24","post_inoc_post_stress","True Sample"
"350","KSTRAW1165","T1","Shoot","R01I02W02",0.10963,"",2,"2",1,"","post_inoc_post_stress","True Sample"
"351","KSTRAW0874","T1","Root","R04I05W01",0.0469,"",1,"5",4,"","post_inoc_post_stress","True Sample"
"352","KSTRAW1310","T1","Shoot","R06I06W03",0.03559,"",3,"6",6,"","i6","Control"
"353","KSTRAW1217","T1","Shoot","R11I05W02",0.11148,"",2,"5",11,"P30","post_inoc_post_stress","True Sample"
"354","KSTRAW1355","T0","Shoot","R04I04W01",NA,"Time 0 DNA pooled leaves 10 mg",1,"4",4,"Pooled plants","post_inoc_pre_stress","True Sample"
"355","KSTRAW1047","T1","Root","R09I05W03",0.1204,"",3,"5",9,"","post_inoc_post_stress","True Sample"
"356","KSTRAW0902","T1","Root","R04I01W02",0.1444,"",2,"1",4,"","post_inoc_post_stress","True Sample"
"357","KSTRAW1235","T1","Shoot","R01I01W03",0.03115,"",3,"1",1,"","post_inoc_post_stress","True Sample"
"358","KSTRAW1081","T1","Shoot","R09I02W01",0.15395,"",1,"2",9,"P25","post_inoc_post_stress","True Sample"
"359","KSTRAW1008","T1","Root","R12I02W03",0.0634,"",3,"2",12,"","post_inoc_post_stress","True Sample"
"360","KSTRAW1059","T1","Root","R07I06W03",0.1171,"",3,"6",7,"","i6","Control"
"361","KSTRAW1287","T1","Shoot","R11I04W03",0.28452,"",3,"4",11,"","post_inoc_post_stress","True Sample"
"362","KSTRAW1419","T0","Shoot","R05I01W03",NA,"Time 0 DNA pooled leaves 10 mg",3,"1",5,"Pooled plants","post_inoc_pre_stress","True Sample"
"363","KSTRAW1009","T1","Root","R13I02W03",0.1321,"",3,"2",13,"","post_inoc_post_stress","True Sample"
"364","KSTRAW1298","T1","Shoot","R08I05W03",0.08127,"",3,"5",8,"P9","post_inoc_post_stress","True Sample"
"365","KSTRAW0996","T1","Root","R14I01W03",0.1111,"",3,"1",14,"","post_inoc_post_stress","True Sample"
"366","KSTRAW1090","T1","Shoot","R12I02W01",0.04035,"",1,"2",12,"","post_inoc_post_stress","True Sample"
"367","KSTRAW1318","T1","Shoot","R14I06W03",0.26723,"",3,"6",14,"","i6","Control"
"368","KSTRAW0985","T1","Root","R03I01W03",0.1818,"",3,"1",3,"","post_inoc_post_stress","True Sample"
"369","KSTRAW1237","T1","Shoot","R03I01W03",0.11719,"",3,"1",3,"","post_inoc_post_stress","True Sample"
"370","KSTRAW0997","T1","Root","R01I02W03",0.0263,"no extra sample to put in envelope",3,"2",1,"","post_inoc_post_stress","True Sample"
"371","KSTRAW1183","T1","Shoot","R05I03W02",0.03641,"",2,"3",5,"","post_inoc_post_stress","True Sample"
"372","KSTRAW0873","T1","Root","R03I05W01",0.0288,"",1,"5",3,"","post_inoc_post_stress","True Sample"
"373","KSTRAW0818","T1","Root","R04I01W01",0.067,"",1,"1",4,"","post_inoc_post_stress","True Sample"
"374","KSTRAW1418","T0","Shoot","R04I01W03",NA,"Time 0 DNA pooled leaves 10 mg",3,"1",4,"Pooled plants","post_inoc_pre_stress","True Sample"
"375","KSTRAW1007","T1","Root","R11I02W03",0.0998,"",3,"2",11,"","post_inoc_post_stress","True Sample"
"376","KSTRAW1026","T1","Root","R02I04W03",0.1084,"",3,"4",2,"","post_inoc_post_stress","True Sample"
"377","KSTRAW0020","Control","Root","",NA,"pre-inoc roots",NA,"Initi Ctl",4,"","pre_inoc","Control"
"378","KSTRAW1401","T0","Shoot","R01I05W02",NA,"Time 0 DNA pooled leaves 10 mg",2,"5",1,"Pooled plants","post_inoc_pre_stress","True Sample"
"379","KSTRAW1257","T1","Shoot","R09I02W03",0.07258,"",3,"2",9,"","post_inoc_post_stress","True Sample"
"380","KSTRAW0944","T1","Root","R04I04W02",0.1987,"",2,"4",4,"","post_inoc_post_stress","True Sample"
"381","KSTRAW1096","T1","Shoot","R02I03W01",0.02884,"",1,"3",2,"","post_inoc_post_stress","True Sample"
"382","KSTRAW1178","T1","Shoot","R14I02W02",0.10996,"",2,"2",14,"","post_inoc_post_stress","True Sample"
"383","KSTRAW1442","T0","Shoot","R07I04W03",NA,"Time 0 DNA pooled leaves 10 mg",3,"4",7,"Pooled plants","post_inoc_pre_stress","True Sample"
"384","KSTRAW0869","T1","Root","R13I04W01",0.3013,"",1,"4",13,"","post_inoc_post_stress","True Sample"
"385","KSTRAW1434","T0","Shoot","R06I03W03",NA,"Time 0 DNA pooled leaves 10 mg",3,"3",6,"Pooled plants","post_inoc_pre_stress","True Sample"
"388","KSTRAW1327","Control","Inoculum 3","R00I03W00",NA,"Inocolum 3-drum.down rep 2",NA,"InitialSource",NA,"","slurry","True Sample"
"389","KSTRAW1256","T1","Shoot","R08I02W03",0.154,"",3,"2",8,"","post_inoc_post_stress","True Sample"
"390","KSTRAW1149","T1","Shoot","R13I06W01",0.16522,"",1,"6",13,"","i6","Control"
"391","KSTRAW1331","T0","Shoot","R01I01W01",NA,"Time 0 DNA pooled leaves 10 mg",1,"1",1,"Pooled plants","post_inoc_pre_stress","True Sample"
"392","KSTRAW1252","T1","Shoot","R04I02W03",0.16274,"",3,"2",4,"P4","post_inoc_post_stress","True Sample"
"393","KSTRAW1015","T1","Root","R05I03W03",0.2193,"",3,"3",5,"","post_inoc_post_stress","True Sample"
"394","KSTRAW1053","T1","Root","R01I06W03",0.26917,"",3,"6",1,"","i6","Control"
"395","KSTRAW0957","T1","Root","R03I05W02",0.1621,"",2,"5",3,"","post_inoc_post_stress","True Sample"
"396","KSTRAW0900","T1","Root","R02I01W02",0.1343,"",2,"1",2,"","post_inoc_post_stress","True Sample"
"397","KSTRAW0011","Control","Shoot","",NA,"pre-inoc shoots",NA,"Initi Ctl",5,"","pre_inoc","Control"
"398","KSTRAW1356","T0","Shoot","R05I04W01",NA,"Time 0 DNA pooled leaves 10 mg",1,"4",5,"Pooled plants","post_inoc_pre_stress","True Sample"
"399","KSTRAW0879","T1","Root","R09I05W01",0.17031,"",1,"5",9,"","post_inoc_post_stress","True Sample"
"400","KSTRAW0998","T1","Root","R02I02W03",0.0948,"",3,"2",2,"","post_inoc_post_stress","True Sample"
"401","KSTRAW0978","T1","Root","R10I06W02",0.0621,"",2,"6",10,"","i6","Control"
"402","KSTRAW1470","","Control","",NA,"Empty Extraction Tube Control",NA,"",NA,"","DNA_neg","Control"
"403","KSTRAW0892","T1","Root","R08I06W01",0.1508,"",1,"6",8,"","i6","Control"
"404","KSTRAW1016","T1","Root","R06I03W03",0.0413,"",3,"3",6,"","post_inoc_post_stress","True Sample"
"405","KSTRAW1184","T1","Shoot","R06I03W02",0.12903,"",2,"3",6,"","post_inoc_post_stress","True Sample"
"406","KSTRAW1159","T1","Shoot","R09I01W02",0.06222,"",2,"1",9,"","post_inoc_post_stress","True Sample"
"407","KSTRAW1212","T1","Shoot","R06I05W02",0.15076,"",2,"5",6,"","post_inoc_post_stress","True Sample"
"408","KSTRAW1397","T0","Shoot","R04I04W02",NA,"Time 0 DNA pooled leaves 10 mg",2,"4",4,"Pooled plants","post_inoc_pre_stress","True Sample"
"409","KSTRAW0984","T1","Root","R02I01W03",0.1075,"",3,"1",2,"","post_inoc_post_stress","True Sample"
"410","KSTRAW1204","T1","Shoot","R12I04W02",0.12876,"",2,"4",12,"","post_inoc_post_stress","True Sample"
"411","KSTRAW0949","T1","Root","R09I04W02",0.0708,"",2,"4",9,"","post_inoc_post_stress","True Sample"
"412","KSTRAW1040","T1","Root","R02I05W03",0.1152,"",3,"5",2,"","post_inoc_post_stress","True Sample"
"413","KSTRAW1027","T1","Root","R03I04W03",0.1528,"",3,"4",3,"","post_inoc_post_stress","True Sample"
"414","KSTRAW1126","T1","Shoot","R04I05W01",0.02925,"",1,"5",4,"","post_inoc_post_stress","True Sample"
"415","KSTRAW0940","T1","Root","R14I03W02",0.1002,"",2,"3",14,"","post_inoc_post_stress","True Sample"
"416","KSTRAW1004","T1","Root","R08I02W03",0.1998,"",3,"2",8,"","post_inoc_post_stress","True Sample"
"417","KSTRAW1216","T1","Shoot","R10I05W02",0.20806,"",2,"5",10,"P33","post_inoc_post_stress","True Sample"
"419","KSTRAW0995","T1","Root","R13I01W03",0.1368,"",3,"1",13,"","post_inoc_post_stress","True Sample"
"420","KSTRAW1166","T1","Shoot","R02I02W02",0.10721,"",2,"2",2,"","post_inoc_post_stress","True Sample"
"421","KSTRAW1270","T1","Shoot","R08I03W03",0.07766,"",3,"3",8,"","post_inoc_post_stress","True Sample"
"422","KSTRAW1440","T0","Shoot","R05I04W03",NA,"Time 0 DNA pooled leaves 10 mg",3,"4",5,"Pooled plants","post_inoc_pre_stress","True Sample"
"423","KSTRAW1351","T0","Shoot","R07I03W01",NA,"Time 0 DNA pooled leaves 10 mg",1,"3",7,"Pooled plants","post_inoc_pre_stress","True Sample"
"424","KSTRAW1421","T0","Shoot","R07I01W03",NA,"Time 0 DNA pooled leaves 10 mg",3,"1",7,"Pooled plants","post_inoc_pre_stress","True Sample"
"425","KSTRAW1457","","Control","",NA,"Empty Extraction Tube Control",NA,"",NA,"","DNA_neg","Control"
"427","KSTRAW0992","T1","Root","R10I01W03",0.1621,"",3,"1",10,"","post_inoc_post_stress","True Sample"
"428","KSTRAW1449","T0","Shoot","R07I05W03",NA,"Time 0 DNA pooled leaves 10 mg",3,"5",7,"Pooled plants","post_inoc_pre_stress","True Sample"
"429","KSTRAW0965","T1","Root","R11I05W02",0.2446,"",2,"5",11,"P30","post_inoc_post_stress","True Sample"
"430","KSTRAW1082","T1","Shoot","R02I02W01",0.12414,"",1,"2",2,"","post_inoc_post_stress","True Sample"
"431","KSTRAW0015","Control","Shoot","",NA,"pre-inoc shoots",NA,"Initi Ctl",9,"","pre_inoc","Control"
"432","KSTRAW1341","T0","Shoot","R04I02W01",NA,"Time 0 DNA pooled leaves 10 mg",1,"2",4,"Pooled plants","post_inoc_pre_stress","True Sample"
"433","KSTRAW1283","T1","Shoot","R07I04W03",0.05313,"",3,"4",7,"","post_inoc_post_stress","True Sample"
"434","KSTRAW0977","T1","Root","R09I06W02",0.0683,"",2,"6",9,"","i6","Control"
"436","KSTRAW1367","T0","Shoot","R02I06W01",NA,"Time 0 DNA pooled leaves 10 mg",1,"6",2,"Pooled plants","i6","Control"
"437","KSTRAW1210","T1","Shoot","R04I05W02",0.16963,"",2,"5",4,"","post_inoc_post_stress","True Sample"
"438","KSTRAW1036","T1","Root","R12I04W03",0.2195,"",3,"4",12,"","post_inoc_post_stress","True Sample"
"439","KSTRAW1066","T1","Root","R14I06W03",0.2544,"",3,"6",14,"","i6","Control"
"440","KSTRAW0888","T1","Root","R04I06W01",0.1043,"",1,"6",4,"","i6","Control"
"441","KSTRAW0885","T1","Root","R01I06W01",0.1071,"",1,"6",1,"","i6","Control"
"442","KSTRAW1048","T1","Root","R10I05W03",0.6737,"",3,"5",10,"P6","post_inoc_post_stress","True Sample"
"443","KSTRAW1417","T0","Shoot","R03I01W03",NA,"Time 0 DNA pooled leaves 10 mg",3,"1",3,"Pooled plants","post_inoc_pre_stress","True Sample"
"444","KSTRAW1135","T1","Shoot","R13I05W01",0.01968,"",1,"5",13,"","post_inoc_post_stress","True Sample"
"445","KSTRAW1446","T0","Shoot","R04I05W03",NA,"Time 0 DNA pooled leaves 10 mg",3,"5",4,"Pooled plants","post_inoc_pre_stress","True Sample"
"446","KSTRAW1333","T0","Shoot","R03I01W01",NA,"Time 0 DNA pooled leaves 10 mg",1,"1",3,"Pooled plants","post_inoc_pre_stress","True Sample"
"447","KSTRAW1161","T1","Shoot","R11I01W02",0.14492,"",2,"1",11,"","post_inoc_post_stress","True Sample"
"448","KSTRAW0823","T1","Root","R09I01W01",0.1169,"",1,"1",9,"","post_inoc_post_stress","True Sample"
"449","KSTRAW1224","T1","Shoot","R04I06W02",0.39044,"",2,"6",4,"","i6","Control"
"450","KSTRAW1133","T1","Shoot","R11I05W01",0.21752,"",1,"5",11,"P20","post_inoc_post_stress","True Sample"
"451","KSTRAW0817","T1","Root","R03I01W01",0.2581,"",1,"1",3,"P11","post_inoc_post_stress","True Sample"
"452","KSTRAW0963","T1","Root","R09I05W02",0.2731,"",2,"5",9,"P31","post_inoc_post_stress","True Sample"
"453","KSTRAW1176","T1","Shoot","R12I02W02",0.13628,"",2,"2",12,"","post_inoc_post_stress","True Sample"
"454","KSTRAW0815","T1","Root","R01I01W01",0.2675,"",1,"1",1,"","post_inoc_post_stress","True Sample"
"455","KSTRAW1258","T1","Shoot","R10I02W03",0.03111,"",3,"2",10,"","post_inoc_post_stress","True Sample"
"456","KSTRAW1194","T1","Shoot","R02I04W02",0.2267,"",2,"4",2,"","post_inoc_post_stress","True Sample"
"457","KSTRAW1227","T1","Shoot","R07I06W02",0.14686,"",2,"6",7,"","i6","Control"
"458","KSTRAW1208","T1","Shoot","R02I05W02",0.13772,"",2,"5",2,"","post_inoc_post_stress","True Sample"
"459","KSTRAW1187","T1","Shoot","R09I03W02",0.1,"",2,"3",9,"","post_inoc_post_stress","True Sample"
"460","KSTRAW1424","T0","Shoot","R03I02W03",NA,"Time 0 DNA pooled leaves 10 mg",3,"2",3,"Pooled plants","post_inoc_pre_stress","True Sample"
"461","KSTRAW1411","T0","Shoot","R04I06W02",NA,"Time 0 DNA pooled leaves 10 mg",2,"6",4,"Pooled plants","i6","Control"
"462","KSTRAW1345","T0","Shoot","R01I03W01",NA,"Time 0 DNA pooled leaves 10 mg",1,"3",1,"Pooled plants","post_inoc_pre_stress","True Sample"
"463","KSTRAW1399","T0","Shoot","R06I04W02",NA,"Time 0 DNA pooled leaves 10 mg",2,"4",6,"Pooled plants","post_inoc_pre_stress","True Sample"
"464","KSTRAW1226","T1","Shoot","R06I06W02",0.10165,"",2,"6",6,"","i6","Control"
"465","KSTRAW1464","","Control","",NA,"Empty Extraction Tube Control",NA,"",NA,"","DNA_neg","Control"
"466","KSTRAW1382","T0","Shoot","R03I02W02",NA,"Time 0 DNA pooled leaves 10 mg",2,"2",3,"Pooled plants","post_inoc_pre_stress","True Sample"
"467","KSTRAW1177","T1","Shoot","R13I02W02",0.11693,"",2,"2",13,"P32","post_inoc_post_stress","True Sample"
"468","KSTRAW1326","Control","Inoculum 2","R00I02W00",NA,"Inocolum 2-falls rep 2",NA,"InitialSource",NA,"","slurry","True Sample"
"469","KSTRAW1050","T1","Root","R12I05W03",0.2138,"",3,"5",12,"","post_inoc_post_stress","True Sample"
"470","KSTRAW1114","T1","Shoot","R06I04W01",0.0257,"",1,"4",6,"","post_inoc_post_stress","True Sample"
"471","KSTRAW0894","T1","Root","R10I06W01",0.1285,"",1,"6",10,"","i6","Control"
"472","KSTRAW1025","T1","Root","R01I04W03",0.155,"",3,"4",1,"","post_inoc_post_stress","True Sample"
"473","KSTRAW0851","T1","Root","R09I03W01",0.5181,"",1,"3",9,"P23","post_inoc_post_stress","True Sample"
"474","KSTRAW1329","Control","Inoculum 5","R00I05W00",NA,"Inocolum 5-ridge rep 2",NA,"InitialSource",NA,"","slurry","True Sample"
"475","KSTRAW1286","T1","Shoot","R10I04W03",0.04806,"",3,"4",10,"","post_inoc_post_stress","True Sample"
"476","KSTRAW0951","T1","Root","R11I04W02",0.1599,"",2,"4",11,"","post_inoc_post_stress","True Sample"
"477","KSTRAW1164","T1","Shoot","R14I01W02",0.21145,"",2,"1",14,"","post_inoc_post_stress","True Sample"
"478","KSTRAW0837","T1","Shoot","R06I02W01",0.04132,"",1,"2",6,"","post_inoc_post_stress","True Sample"
"479","KSTRAW1001","T1","Root","R05I02W03",0.1825,"",3,"2",5,"P5","post_inoc_post_stress","True Sample"
"480","KSTRAW0835","T1","Shoot","R05I02W01",0.01988,"",1,"2",5,"","post_inoc_post_stress","True Sample"
"481","KSTRAW1314","T1","Shoot","R10I06W03",0.12014,"*may be sample 10 from inoc 5/water1",3,"6",10,"","i6","Control"
"483","KSTRAW0012","Control","Shoot","",NA,"pre-inoc shoots",NA,"Initi Ctl",6,"","pre_inoc","Control"
"484","KSTRAW1387","T0","Shoot","R01I03W02",NA,"Time 0 DNA pooled leaves 10 mg",2,"3",1,"Pooled plants","post_inoc_pre_stress","True Sample"
"485","KSTRAW1051","T1","Root","R13I05W03",0.0154,"",3,"5",13,"","post_inoc_post_stress","True Sample"
"486","KSTRAW0872","T1","Root","R02I05W01",0.08541,"",1,"5",2,"","post_inoc_post_stress","True Sample"
"487","KSTRAW1339","T0","Shoot","R02I02W01",NA,"Time 0 DNA pooled leaves 10 mg",1,"2",2,"Pooled plants","post_inoc_pre_stress","True Sample"
"488","KSTRAW1436","T0","Shoot","R01I04W03",NA,"Time 0 DNA pooled leaves 10 mg",3,"4",1,"Pooled plants","post_inoc_pre_stress","True Sample"
"489","KSTRAW1284","T1","Shoot","R08I04W03",0.12654,"",3,"4",8,"","post_inoc_post_stress","True Sample"
"490","KSTRAW0893","T1","Root","R09I06W01",0.3535,"",1,"6",9,"P28","i6","Control"
"491","KSTRAW1400","T0","Shoot","R07I04W02",NA,"Time 0 DNA pooled leaves 10 mg",2,"4",7,"Pooled plants","post_inoc_pre_stress","True Sample"
"494","KSTRAW1071","T1","Shoot","R05I01W01",0.10263,"",1,"1",5,"","post_inoc_post_stress","True Sample"
"495","KSTRAW1010","T1","Root","R14I02W03",0.2397,"",3,"2",14,"","post_inoc_post_stress","True Sample"
"496","KSTRAW0907","T1","Root","R09I01W02",0.0602,"",2,"1",9,"","post_inoc_post_stress","True Sample"
"497","KSTRAW0896","T1","Root","R12I06W01",0.0301,"",1,"6",12,"","i6","Control"
"498","KSTRAW0919","T1","Root","R07I02W02",0.2215,"",2,"2",7,"","post_inoc_post_stress","True Sample"
"499","KSTRAW1300","T1","Shoot","R10I05W03",0.27948,"",3,"5",10,"P6","post_inoc_post_stress","True Sample"
"500","KSTRAW1125","T1","Shoot","R03I05W01",0.02552,"",1,"5",3,"","post_inoc_post_stress","True Sample"
"501","KSTRAW1266","T1","Shoot","R04I03W03",0.01288,"",3,"3",4,"","post_inoc_post_stress","True Sample"
"502","KSTRAW1085","T1","Root","R10I02W01",0.2685,"",1,"2",10,"P24","post_inoc_post_stress","True Sample"
"503","KSTRAW0008","Control","Shoot","",NA,"pre-inoc shoots",NA,"Initi Ctl",2,"","pre_inoc","Control"
"504","KSTRAW1006","T1","Root","R10I02W03",0.0554,"no extra sample to put in envelope",3,"2",10,"","post_inoc_post_stress","True Sample"
"505","KSTRAW0989","T1","Root","R07I01W03",0.0709,"",3,"1",7,"","post_inoc_post_stress","True Sample"
"506","KSTRAW1181","T1","Shoot","R03I03W02",0.15395,"",2,"3",3,"","post_inoc_post_stress","True Sample"
"507","KSTRAW1296","T1","Shoot","R06I05W03",0.10079,"",3,"5",6,"","post_inoc_post_stress","True Sample"
"508","KSTRAW0990","T1","Root","R08I01W03",0.2332,"",3,"1",8,"P8","post_inoc_post_stress","True Sample"
"509","KSTRAW1076","T1","Shoot","R10I01W01",0.0402,"",1,"1",10,"","post_inoc_post_stress","True Sample"
"510","KSTRAW1056","T1","Root","R04I06W03",0.02824,"",3,"6",4,"","i6","Control"
"511","KSTRAW1456","T0","Shoot","R07I06W03",NA,"Time 0 DNA pooled leaves 10 mg",3,"6",7,"Pooled plants","i6","Control"
"512","KSTRAW1031","T1","Root","R07I04W03",0.0991,"",3,"4",7,"","post_inoc_post_stress","True Sample"
"513","KSTRAW1278","T1","Shoot","R02I04W03",0.07398,"",3,"4",2,"","post_inoc_post_stress","True Sample"
"514","KSTRAW1151","T1","Shoot","R01I01W02",0.05775,"",2,"1",1,"","post_inoc_post_stress","True Sample"
"515","KSTRAW1067","T1","Shoot","R01I01W01",0.14576,"",1,"1",1,"","post_inoc_post_stress","True Sample"
"516","KSTRAW1438","T0","Shoot","R03I04W03",NA,"Time 0 DNA pooled leaves 10 mg",3,"4",3,"Pooled plants","post_inoc_pre_stress","True Sample"
"517","KSTRAW1060","T1","Root","R08I06W03",0.17446,"",3,"6",8,"","i6","Control"
"518","KSTRAW1232","T1","Shoot","R12I06W02",0.2437,"",2,"6",12,"","i6","Control"
"519","KSTRAW1228","T1","Shoot","R08I06W02",0.04529,"",2,"6",8,"","i6","Control"
"520","KSTRAW1238","T1","Shoot","R04I01W03",0.06887,"",3,"1",4,"","post_inoc_post_stress","True Sample"
"521","KSTRAW1253","T1","Shoot","R05I02W03",0.11731,"",3,"2",5,"P5","post_inoc_post_stress","True Sample"
"522","KSTRAW1307","T1","Shoot","R03I06W03",0.12741,"",3,"6",3,"","i6","Control"
"523","KSTRAW1084","T1","Shoot","R04I02W01",0.05596,"",1,"2",4,"","post_inoc_post_stress","True Sample"
"524","KSTRAW1197","T1","Shoot","R05I04W02",0.17535,"",2,"4",5,"","post_inoc_post_stress","True Sample"
"525","KSTRAW0933","T1","Root","R07I03W02",0.1453,"",2,"3",7,"","post_inoc_post_stress","True Sample"
"526","KSTRAW1230","T1","Shoot","R10I06W02",0.03282,"",2,"6",10,"","i6","Control"
"527","KSTRAW1106","T1","Shoot","R12I03W01",0.05161,"",1,"3",12,"","post_inoc_post_stress","True Sample"
"528","KSTRAW1373","T0","Shoot","R01I01W02",NA,"Time 0 DNA pooled leaves 10 mg",2,"1",1,"Pooled plants","post_inoc_pre_stress","True Sample"
"530","KSTRAW1363","T0","Shoot","R05I05W01",NA,"Time 0 DNA pooled leaves 10 mg",1,"5",5,"Pooled plants","post_inoc_pre_stress","True Sample"
"531","KSTRAW1142","T1","Shoot","R06I06W01",0.075,"",1,"6",6,"","i6","Control"
"532","KSTRAW0877","T1","Root","R07I05W01",0.3748,"",1,"5",7,"P13","post_inoc_post_stress","True Sample"
"533","KSTRAW0979","T1","Root","R11I06W02",0.0935,"",2,"6",11,"","i6","Control"
"534","KSTRAW0935","T1","Root","R09I03W02",0.2007,"",2,"3",9,"","post_inoc_post_stress","True Sample"
"535","KSTRAW1348","T0","Shoot","R04I03W01",NA,"Time 0 DNA pooled leaves 10 mg",1,"3",4,"Pooled plants","post_inoc_pre_stress","True Sample"
"536","KSTRAW1349","T0","Shoot","R05I03W01",NA,"Time 0 DNA pooled leaves 10 mg",1,"3",5,"Pooled plants","post_inoc_pre_stress","True Sample"
"537","KSTRAW1105","T1","Shoot","R11I03W01",0.0353,"",1,"3",11,"","post_inoc_post_stress","True Sample"
"538","KSTRAW1042","T1","Root","R04I05W03",0.1271,"",3,"5",4,"P3","post_inoc_post_stress","True Sample"
"539","KSTRAW0982","T1","Root","R14I06W02",0.0616,"",2,"6",14,"","i6","Control"
"540","KSTRAW1005","T1","Root","R09I02W03",0.1226,"",3,"2",9,"","post_inoc_post_stress","True Sample"
"541","KSTRAW1390","T0","Shoot","R04I03W02",NA,"Time 0 DNA pooled leaves 10 mg",2,"3",4,"Pooled plants","post_inoc_pre_stress","True Sample"
"542","KSTRAW0863","T1","Root","R07I04W01",0.1961,"",1,"4",7,"P15","post_inoc_post_stress","True Sample"
"543","KSTRAW1342","T0","Shoot","R05I02W01",NA,"Time 0 DNA pooled leaves 10 mg",1,"2",5,"Pooled plants","post_inoc_pre_stress","True Sample"
"544","KSTRAW0988","T1","Root","R06I01W03",0.1189,"",3,"1",6,"","post_inoc_post_stress","True Sample"
"545","KSTRAW1169","T1","Shoot","R05I02W02",0.0923,"",2,"2",5,"","post_inoc_post_stress","True Sample"
"546","KSTRAW0929","T1","Root","R03I03W02",0.3107,"",2,"3",3,"","post_inoc_post_stress","True Sample"
"547","KSTRAW1248","T1","Shoot","R14I01W03",0.07164,"",3,"1",14,"","post_inoc_post_stress","True Sample"
"548","KSTRAW1038","T1","Root","R14I04W03",0.2888,"",3,"4",14,"P7=P6-2","post_inoc_post_stress","True Sample"
"549","KSTRAW1128","T1","Shoot","R06I05W01",0.13449,"",1,"5",6,"P17","post_inoc_post_stress","True Sample"
"550","KSTRAW1143","T1","Shoot","R07I06W01",0.1233,"",1,"6",7,"","i6","Control"
"551","KSTRAW1285","T1","Shoot","R09I04W03",0.10699,"",3,"4",9,"","post_inoc_post_stress","True Sample"
"552","KSTRAW1371","T0","Shoot","R06I06W01",NA,"Time 0 DNA pooled leaves 10 mg",1,"6",6,"Pooled plants","i6","Control"
"553","KSTRAW1263","T1","Shoot","R01I03W03",0.11679,"",3,"3",1,"","post_inoc_post_stress","True Sample"
"554","KSTRAW0007","Control","Shoot","",NA,"pre-inoc shoots",NA,"Initi Ctl",1,"","pre_inoc","Control"
"555","KSTRAW1293","T1","Shoot","R03I05W03",0.09857,"",3,"5",3,"","post_inoc_post_stress","True Sample"
"556","KSTRAW1281","T1","Shoot","R05I04W03",0.20692,"",3,"4",5,"","post_inoc_post_stress","True Sample"
"557","KSTRAW1280","T1","Shoot","R04I04W03",0.02241,"",3,"4",4,"","post_inoc_post_stress","True Sample"
"558","KSTRAW1122","T1","Shoot","R14I04W01",0.08241,"",1,"4",14,"P27","post_inoc_post_stress","True Sample"
"559","KSTRAW1167","T1","Shoot","R03I02W02",0.09784,"",2,"2",3,"","post_inoc_post_stress","True Sample"
"560","KSTRAW0938","T1","Root","R12I03W02",0.187,"",2,"3",12,"","post_inoc_post_stress","True Sample"
"561","KSTRAW1219","T1","Shoot","R13I05W02",0.1034,"",2,"5",13,"","post_inoc_post_stress","True Sample"
"562","KSTRAW1325","Control","Inoculum 1","R00I01W00",NA,"Inocolum 1-estuary rep 2",NA,"InitialSource",NA,"","slurry","True Sample"
"563","KSTRAW1189","T1","Shoot","R11I03W02",0.0178,"",2,"3",11,"","post_inoc_post_stress","True Sample"
"564","KSTRAW1182","T1","Shoot","R04I03W02",0.07743,"",2,"3",4,"","post_inoc_post_stress","True Sample"
"565","KSTRAW1152","T1","Shoot","R02I01W02",0.10331,"",2,"1",2,"","post_inoc_post_stress","True Sample"
"566","KSTRAW1445","T0","Shoot","R03I05W03",NA,"Time 0 DNA pooled leaves 10 mg",3,"5",3,"Pooled plants","post_inoc_pre_stress","True Sample"
"567","KSTRAW0964","T1","Root","R10I05W02",0.4397,"",2,"5",10,"P33","post_inoc_post_stress","True Sample"
"568","KSTRAW1275","T1","Shoot","R13I03W03",0.10961,"",3,"3",13,"","post_inoc_post_stress","True Sample"
"569","KSTRAW1352","T0","Shoot","R01I04W01",NA,"Time 0 DNA pooled leaves 10 mg",1,"4",1,"Pooled plants","post_inoc_pre_stress","True Sample"
"570","KSTRAW1030","T1","Root","R06I04W03",0.5279,"",3,"4",6,"P2","post_inoc_post_stress","True Sample"
"571","KSTRAW1205","T1","Shoot","R13I04W02",0.04235,"",2,"4",13,"","post_inoc_post_stress","True Sample"
"572","KSTRAW1070","T1","Shoot","R04I01W01",0.05564,"",1,"1",4,"","post_inoc_post_stress","True Sample"
"573","KSTRAW0831","T1","Root","R03I02W01",0.1171,"",1,"2",3,"","post_inoc_post_stress","True Sample"
"574","KSTRAW1380","T0","Shoot","R01I02W02",NA,"Time 0 DNA pooled leaves 10 mg",2,"2",1,"Pooled plants","post_inoc_pre_stress","True Sample"
"576","KSTRAW0816","T1","Root","R02I01W01",0.188,"",1,"1",2,"","post_inoc_post_stress","True Sample"
"577","KSTRAW1444","T0","Shoot","R02I05W03",NA,"Time 0 DNA pooled leaves 10 mg",3,"5",2,"Pooled plants","post_inoc_pre_stress","True Sample"
"578","KSTRAW1423","T0","Shoot","R02I02W03",NA,"Time 0 DNA pooled leaves 10 mg",3,"2",2,"Pooled plants","post_inoc_pre_stress","True Sample"
"579","KSTRAW1077","T1","Shoot","R11I01W01",0.06099,"",1,"1",11,"","post_inoc_post_stress","True Sample"
"580","KSTRAW1328","Control","Inoculum 4","R00I04W00",NA,"Inocolum 4-drum.up rep 2",NA,"InitialSource",NA,"","slurry","True Sample"
"581","KSTRAW0854","T1","Root","R12I03W01",0.0959,"",1,"3",12,"","post_inoc_post_stress","True Sample"
"582","KSTRAW1394","T0","Shoot","R01I04W02",NA,"Time 0 DNA pooled leaves 10 mg",2,"4",1,"Pooled plants","post_inoc_pre_stress","True Sample"
"583","KSTRAW1291","T1","Shoot","R01I05W03",0.18478,"",3,"5",1,"P1","post_inoc_post_stress","True Sample"
"584","KSTRAW1150","T1","Shoot","R14I06W01",0.10872,"",1,"6",14,"","i6","Control"
"585","KSTRAW0928","T1","Root","R02I03W02",0.1269,"",2,"3",2,"","post_inoc_post_stress","True Sample"
"586","KSTRAW0829","T1","Root","R01I02W01",0.0677,"",1,"2",1,"","post_inoc_post_stress","True Sample"
"587","KSTRAW0924","T1","Root","R12I02W02",0.2492,"",2,"2",12,"","post_inoc_post_stress","True Sample"
"588","KSTRAW0905","T1","Root","R07I01W02",0.2833,"",2,"1",7,"","post_inoc_post_stress","True Sample"
"589","KSTRAW0828","T1","Root","R14I01W01",0.2234,"",1,"1",14,"","post_inoc_post_stress","True Sample"
"590","KSTRAW1034","T1","Root","R10I04W03",0.1236,"",3,"4",10,"","post_inoc_post_stress","True Sample"
"591","KSTRAW0890","T1","Root","R06I06W01",0.1317,"",1,"6",6,"","i6","Control"
"592","KSTRAW1153","T1","Shoot","R03I01W02",0.16029,"",2,"1",3,"","post_inoc_post_stress","True Sample"
"593","KSTRAW1198","T1","Shoot","R06I04W02",0.09643,"",2,"4",6,"","post_inoc_post_stress","True Sample"
"594","KSTRAW0948","T1","Root","R08I04W02",0.1766,"",2,"4",8,"","post_inoc_post_stress","True Sample"
"595","KSTRAW0983","T1","Root","R01I01W03",0.0545,"",3,"1",1,"","post_inoc_post_stress","True Sample"
"596","KSTRAW1413","T0","Shoot","R06I06W02",NA,"Time 0 DNA pooled leaves 10 mg",2,"6",6,"Pooled plants","i6","Control"
"597","KSTRAW1361","T0","Shoot","R03I05W01",NA,"Time 0 DNA pooled leaves 10 mg",1,"5",3,"Pooled plants","post_inoc_pre_stress","True Sample"
"598","KSTRAW1146","T1","Shoot","R10I06W01",0.07222,"",1,"6",10,"","i6","Control"
"599","KSTRAW0976","T1","Root","R08I06W02",0.0892,"",2,"6",8,"","i6","Control"
"600","KSTRAW1359","T0","Shoot","R01I05W01",NA,"Time 0 DNA pooled leaves 10 mg",1,"5",1,"Pooled plants","post_inoc_pre_stress","True Sample"
"601","KSTRAW1145","T1","Shoot","R09I06W01",0.18419,"",1,"6",9,"P28","i6","Control"
"603","KSTRAW0013","Control","Shoot","",NA,"pre-inoc shoots",NA,"Initi Ctl",7,"","pre_inoc","Control"
"604","KSTRAW0016","Control","Shoot","",NA,"pre-inoc shoots",NA,"Initi Ctl",10,"","pre_inoc","Control"
"605","KSTRAW1319","Control","Inoculum 1","R00I01W00",NA,"Inocolum 1-estuary rep 1",NA,"InitialSource",NA,"","slurry","True Sample"
"606","KSTRAW0876","T1","Root","R06I05W01",0.2749,"",1,"5",6,"P17","post_inoc_post_stress","True Sample"
"607","KSTRAW1218","T1","Shoot","R12I05W02",0.13164,"",2,"5",12,"","post_inoc_post_stress","True Sample"
"608","KSTRAW1022","T1","Root","R12I03W03",0.1977,"",3,"3",12,"","post_inoc_post_stress","True Sample"
"609","KSTRAW1308","T1","Shoot","R04I06W03",0.02894,"",3,"6",4,"","i6","Control"
"610","KSTRAW1403","T0","Shoot","R03I05W02",NA,"Time 0 DNA pooled leaves 10 mg",2,"5",3,"Pooled plants","post_inoc_pre_stress","True Sample"
"611","KSTRAW1267","T1","Shoot","R05I03W03",0.12219,"",3,"3",5,"","post_inoc_post_stress","True Sample"
"612","KSTRAW1244","T1","Shoot","R10I01W03",0.09717,"",3,"1",10,"","post_inoc_post_stress","True Sample"
"613","KSTRAW1392","T0","Shoot","R06I03W02",NA,"Time 0 DNA pooled leaves 10 mg",2,"3",6,"Pooled plants","post_inoc_pre_stress","True Sample"
"614","KSTRAW1103","T1","Shoot","R09I03W01",0.14834,"",1,"3",9,"P23","post_inoc_post_stress","True Sample"
"615","KSTRAW1406","T0","Shoot","R06I05W02",NA,"Time 0 DNA pooled leaves 10 mg",2,"5",6,"Pooled plants","post_inoc_pre_stress","True Sample"
"616","KSTRAW1075","T1","Shoot","R09I01W01",0.06137,"",1,"1",9,"","post_inoc_post_stress","True Sample"
"617","KSTRAW1117","T1","Shoot","R09I04W01",0.09706,"",1,"4",9,"","post_inoc_post_stress","True Sample"
"618","KSTRAW1321","Control","Inoculum 3","R00I03W00",NA,"Inocolum 3-drum.down rep 1",NA,"InitialSource",NA,"","slurry","True Sample"
"619","KSTRAW1115","T1","Shoot","R07I04W01",0.05381,"",1,"4",7,"P15","post_inoc_post_stress","True Sample"
"620","KSTRAW1343","T0","Shoot","R06I02W01",NA,"Time 0 DNA pooled leaves 10 mg",1,"2",6,"Pooled plants","post_inoc_pre_stress","True Sample"
"621","KSTRAW1017","T1","Root","R07I03W03",0.2275,"",3,"3",7,"","post_inoc_post_stress","True Sample"
"622","KSTRAW1087","T1","Root","R11I02W01",0.1875,"",1,"2",11,"","post_inoc_post_stress","True Sample"
"623","KSTRAW0891","T1","Root","R07I06W01",0.1251,"",1,"6",7,"","i6","Control"
"624","KSTRAW1391","T0","Shoot","R05I03W02",NA,"Time 0 DNA pooled leaves 10 mg",2,"3",5,"Pooled plants","post_inoc_pre_stress","True Sample"
"625","KSTRAW1306","T1","Shoot","R02I06W03",0.06695,"",3,"6",2,"","i6","Control"
"626","KSTRAW1370","T0","Shoot","R05I06W01",NA,"Time 0 DNA pooled leaves 10 mg",1,"6",5,"Pooled plants","i6","Control"
"627","KSTRAW0904","T1","Root","R06I01W02",0.0768,"",2,"1",6,"","post_inoc_post_stress","True Sample"
"628","KSTRAW1112","T1","Shoot","R04I04W01",0.09441,"",1,"4",4,"","post_inoc_post_stress","True Sample"
"629","KSTRAW0840","T1","Root","R08I02W01",0.1509,"",1,"2",8,"","post_inoc_post_stress","True Sample"
"630","KSTRAW1236","T1","Shoot","R02I01W03",0.07406,"",3,"1",2,"","post_inoc_post_stress","True Sample"
"631","KSTRAW1402","T0","Shoot","R02I05W02",NA,"Time 0 DNA pooled leaves 10 mg",2,"5",2,"Pooled plants","post_inoc_pre_stress","True Sample"
"632","KSTRAW1092","T1","Shoot","R13I02W01",0.09249,"",1,"2",13,"","post_inoc_post_stress","True Sample"
"633","KSTRAW1335","T0","Shoot","R05I01W01",NA,"Time 0 DNA pooled leaves 10 mg",1,"1",5,"Pooled plants","post_inoc_pre_stress","True Sample"
"634","KSTRAW1157","T1","Shoot","R07I01W02",0.17716,"",2,"1",7,"","post_inoc_post_stress","True Sample"
"635","KSTRAW1080","T1","Shoot","R14I01W01",0.10646,"",1,"1",14,"","post_inoc_post_stress","True Sample"
"636","KSTRAW1033","T1","Root","R09I04W03",0.1558,"",3,"4",9,"","post_inoc_post_stress","True Sample"
"637","KSTRAW1206","T1","Shoot","R14I04W02",0.17629,"",2,"4",14,"","post_inoc_post_stress","True Sample"
"638","KSTRAW1272","T1","Shoot","R10I03W03",0.06777,"",3,"3",10,"","post_inoc_post_stress","True Sample"
"639","KSTRAW0023","Control","Root","",NA,"pre-inoc roots",NA,"Initi Ctl",7,"","pre_inoc","Control"
"640","KSTRAW1375","T0","Shoot","R03I01W02",NA,"Time 0 DNA pooled leaves 10 mg",2,"1",3,"Pooled plants","post_inoc_pre_stress","True Sample"
"641","KSTRAW1378","T0","Shoot","R06I01W02",NA,"Time 0 DNA pooled leaves 10 mg",2,"1",6,"Pooled plants","post_inoc_pre_stress","True Sample"
"642","KSTRAW0927","T1","Root","R01I03W02",0.2252,"",2,"3",1,"","post_inoc_post_stress","True Sample"
"643","KSTRAW0934","T1","Root","R08I03W02",0.0351,"",2,"3",8,"","post_inoc_post_stress","True Sample"
"644","KSTRAW1454","T0","Shoot","R05I06W03",NA,"Time 0 DNA pooled leaves 10 mg",3,"6",5,"Pooled plants","i6","Control"
"645","KSTRAW1063","T1","Root","R11I06W03",0.11838,"",3,"6",11,"","i6","Control"
"646","KSTRAW1405","T0","Shoot","R05I05W02",NA,"Time 0 DNA pooled leaves 10 mg",2,"5",5,"Pooled plants","post_inoc_pre_stress","True Sample"
"647","KSTRAW1396","T0","Shoot","R03I04W02",NA,"Time 0 DNA pooled leaves 10 mg",2,"4",3,"Pooled plants","post_inoc_pre_stress","True Sample"
"648","KSTRAW1358","T0","Shoot","R07I04W01",NA,"Time 0 DNA pooled leaves 10 mg",1,"4",7,"Pooled plants","post_inoc_pre_stress","True Sample"
"649","KSTRAW1313","T1","Shoot","R09I06W03",0.10303,"",3,"6",9,"","i6","Control"
"650","KSTRAW1055","T1","Root","R03I06W03",0.1135,"",3,"6",3,"","i6","Control"
"651","KSTRAW1415","T0","Shoot","R01I01W03",NA,"Time 0 DNA pooled leaves 10 mg",3,"1",1,"Pooled plants","post_inoc_pre_stress","True Sample"
"652","KSTRAW1372","T0","Shoot","R07I06W01",NA,"Time 0 DNA pooled leaves 10 mg",1,"6",7,"Pooled plants","i6","Control"
"653","KSTRAW1201","T1","Shoot","R09I04W02",0.04354,"",2,"4",9,"","post_inoc_post_stress","True Sample"
"654","KSTRAW1303","T1","Shoot","R13I05W03",0.02505,"",3,"5",13,"","post_inoc_post_stress","True Sample"
"655","KSTRAW0943","T1","Root","R03I04W02",0.0793,"",2,"4",3,"","post_inoc_post_stress","True Sample"
"656","KSTRAW1072","T1","Shoot","R06I01W01",0.08145,"",1,"1",6,"","post_inoc_post_stress","True Sample"
"657","KSTRAW1398","T0","Shoot","R05I04W02",NA,"Time 0 DNA pooled leaves 10 mg",2,"4",5,"Pooled plants","post_inoc_pre_stress","True Sample"
"659","KSTRAW0875","T1","Root","R05I05W01",0.1002,"",1,"5",5,"","post_inoc_post_stress","True Sample"
